,ds,y,consumer_price_index,GDP_US,inflation,covid_US,covid_EU
1675,2016-06-03,1.115200161933899,239.557,18656.207,1.56,0.0,0.0
1676,2016-06-06,1.1350995302200317,239.557,18656.207,1.54,0.0,0.0
1677,2016-06-07,1.1364023685455322,239.557,18656.207,1.55,0.0,0.0
1678,2016-06-08,1.1357828378677368,239.557,18656.207,1.58,0.0,0.0
1679,2016-06-09,1.140706181526184,239.557,18656.207,1.58,0.0,0.0
1680,2016-06-10,1.1315033435821533,239.557,18656.207,1.58,0.0,0.0
1681,2016-06-13,1.1239995956420898,239.557,18656.207,1.58,0.0,0.0
1682,2016-06-14,1.1291015148162842,239.557,18656.207,1.54,0.0,0.0
1683,2016-06-15,1.1213024854660034,240.222,18656.207,1.54,0.0,0.0
1684,2016-06-16,1.1262656450271606,240.222,18656.207,1.54,0.0,0.0
1685,2016-06-17,1.1252011060714722,240.222,18656.207,1.52,0.0,0.0
1686,2016-06-20,1.13490629196167,240.222,18656.207,1.54,0.0,0.0
1687,2016-06-21,1.1322976350784302,240.222,18656.207,1.57,0.0,0.0
1688,2016-06-22,1.1250618696212769,240.222,18656.207,1.59,0.0,0.0
1689,2016-06-23,1.1328235864639282,240.222,18656.207,1.56,0.0,0.0
1690,2016-06-24,1.1324002742767334,240.222,18656.207,1.52,0.0,0.0
1691,2016-06-27,1.103594422340393,240.222,18656.207,1.47,0.0,0.0
1692,2016-06-28,1.1015034914016724,240.222,18656.207,1.45,0.0,0.0
1693,2016-06-29,1.1073951721191406,240.222,18656.207,1.47,0.0,0.0
1694,2016-06-30,1.1128050088882446,240.222,18656.207,1.42,0.0,0.0
1695,2016-07-01,1.1106051206588745,240.222,18656.207,1.42,0.0,0.0
1696,2016-07-04,1.1131023168563843,240.222,18656.207,1.43,0.0,0.0
1697,2016-07-05,1.1146035194396973,240.222,18656.207,1.43,0.0,0.0
1698,2016-07-06,1.1065007448196411,240.222,18656.207,1.44,0.0,0.0
1699,2016-07-07,1.1099025011062622,240.222,18656.207,1.5,0.0,0.0
1700,2016-07-08,1.1065741777420044,240.222,18656.207,1.42,0.0,0.0
1701,2016-07-11,1.1043988466262817,240.222,18656.207,1.34,0.0,0.0
1702,2016-07-12,1.1058032512664795,240.222,18656.207,1.37,0.0,0.0
1703,2016-07-13,1.1062926054000854,240.222,18656.207,1.4,0.0,0.0
1704,2016-07-14,1.1094961166381836,240.222,18656.207,1.4,0.0,0.0
1705,2016-07-15,1.1106051206588745,240.101,18821.359,1.43,0.0,0.0
1706,2016-07-18,1.1053143739700317,240.101,18821.359,1.43,0.0,0.0
1707,2016-07-19,1.1071866750717163,240.101,18821.359,1.4,0.0,0.0
1708,2016-07-20,1.1013579368591309,240.101,18821.359,1.43,0.0,0.0
1709,2016-07-21,1.1019526720046997,240.101,18821.359,1.43,0.0,0.0
1710,2016-07-22,1.1032899618148804,240.101,18821.359,1.43,0.0,0.0
1711,2016-07-25,1.097044587135315,240.101,18821.359,1.42,0.0,0.0
1712,2016-07-26,1.0991184711456299,240.101,18821.359,1.46,0.0,0.0
1713,2016-07-27,1.0987803936004639,240.101,18821.359,1.45,0.0,0.0
1714,2016-07-28,1.1073460578918457,240.101,18821.359,1.45,0.0,0.0
1715,2016-07-29,1.108438491821289,240.101,18821.359,1.49,0.0,0.0
1716,2016-08-01,1.1168068647384644,240.101,18821.359,1.49,0.0,0.0
1717,2016-08-02,1.1168068647384644,240.101,18821.359,1.44,0.0,0.0
1718,2016-08-03,1.1219062805175781,240.101,18821.359,1.46,0.0,0.0
1719,2016-08-04,1.1151504516601562,240.101,18821.359,1.52,0.0,0.0
1720,2016-08-05,1.1134741306304932,240.101,18821.359,1.51,0.0,0.0
1721,2016-08-08,1.1089547872543335,240.101,18821.359,1.5,0.0,0.0
1722,2016-08-09,1.1083648204803467,240.101,18821.359,1.5,0.0,0.0
1723,2016-08-10,1.111580491065979,240.101,18821.359,1.49,0.0,0.0
1724,2016-08-11,1.1186434030532837,240.101,18821.359,1.52,0.0,0.0
1725,2016-08-12,1.113908290863037,240.101,18821.359,1.49,0.0,0.0
1726,2016-08-15,1.1166945695877075,240.545,18821.359,1.46,0.0,0.0
1727,2016-08-16,1.1184055805206299,240.545,18821.359,1.44,0.0,0.0
1728,2016-08-17,1.1275991201400757,240.545,18821.359,1.46,0.0,0.0
1729,2016-08-18,1.1298924684524536,240.545,18821.359,1.47,0.0,0.0
1730,2016-08-19,1.1349449157714844,240.545,18821.359,1.5,0.0,0.0
1731,2016-08-22,1.1298158168792725,240.545,18821.359,1.51,0.0,0.0
1732,2016-08-23,1.1319260597229004,240.545,18821.359,1.49,0.0,0.0
1733,2016-08-24,1.1300839185714722,240.545,18821.359,1.44,0.0,0.0
1734,2016-08-25,1.1263798475265503,240.545,18821.359,1.47,0.0,0.0
1735,2016-08-26,1.1290504932403564,240.545,18821.359,1.44,0.0,0.0
1736,2016-08-29,1.1199462413787842,240.545,18821.359,1.45,0.0,0.0
1737,2016-08-30,1.1192818880081177,240.545,18821.359,1.44,0.0,0.0
1738,2016-08-31,1.1153244972229004,240.545,18821.359,1.47,0.0,0.0
1739,2016-09-01,1.116071343421936,240.545,18821.359,1.47,0.0,0.0
1740,2016-09-02,1.1200717687606812,240.545,18821.359,1.48,0.0,0.0
1741,2016-09-05,1.1161960363388062,240.545,18821.359,1.47,0.0,0.0
1742,2016-09-06,1.1153244972229004,240.545,18821.359,1.48,0.0,0.0
1743,2016-09-07,1.1253657341003418,240.545,18821.359,1.48,0.0,0.0
1744,2016-09-08,1.1241008043289185,240.545,18821.359,1.49,0.0,0.0
1745,2016-09-09,1.1271415948867798,240.545,18821.359,1.47,0.0,0.0
1746,2016-09-12,1.1241133213043213,240.545,18821.359,1.46,0.0,0.0
1747,2016-09-13,1.1243535280227661,240.545,18821.359,1.46,0.0,0.0
1748,2016-09-14,1.12186861038208,240.545,18821.359,1.47,0.0,0.0
1749,2016-09-15,1.1247328519821167,241.176,18821.359,1.45,0.0,0.0
1750,2016-09-16,1.124593734741211,241.176,18821.359,1.47,0.0,0.0
1751,2016-09-19,1.1158473491668701,241.176,18821.359,1.47,0.0,0.0
1752,2016-09-20,1.118067979812622,241.176,18821.359,1.49,0.0,0.0
1753,2016-09-21,1.1153992414474487,241.176,18821.359,1.51,0.0,0.0
1754,2016-09-22,1.1193194389343262,241.176,18821.359,1.52,0.0,0.0
1755,2016-09-23,1.1210134029388428,241.176,18821.359,1.5,0.0,0.0
1756,2016-09-26,1.123923897743225,241.176,18821.359,1.51,0.0,0.0
1757,2016-09-27,1.124985933303833,241.176,18821.359,1.49,0.0,0.0
1758,2016-09-28,1.121956706047058,241.176,18821.359,1.49,0.0,0.0
1759,2016-09-29,1.1224982738494873,241.176,18821.359,1.49,0.0,0.0
1760,2016-09-30,1.121956706047058,241.176,18821.359,1.51,0.0,0.0
1761,2016-10-03,1.1234692335128784,241.176,18821.359,1.5,0.0,0.0
1762,2016-10-04,1.121038556098938,241.176,18821.359,1.49,0.0,0.0
1763,2016-10-05,1.121076226234436,241.176,18821.359,1.51,0.0,0.0
1764,2016-10-06,1.120824933052063,241.176,18821.359,1.55,0.0,0.0
1765,2016-10-07,1.1144545078277588,241.176,18821.359,1.57,0.0,0.0
1766,2016-10-10,1.1196954250335693,241.176,18821.359,1.54,0.0,0.0
1767,2016-10-11,1.1140819787979126,241.176,18821.359,1.52,0.0,0.0
1768,2016-10-12,1.1061947345733643,241.176,18821.359,1.56,0.0,0.0
1769,2016-10-13,1.1011881828308105,241.176,18821.359,1.54,0.0,0.0
1770,2016-10-14,1.1049723625183105,241.176,18821.359,1.6,0.0,0.0
1771,2016-10-17,1.0967799425125122,241.741,19032.58,1.63,0.0,0.0
1772,2016-10-18,1.1015641689300537,241.741,19032.58,1.62,0.0,0.0
1773,2016-10-19,1.0976948738098145,241.741,19032.58,1.62,0.0,0.0
1774,2016-10-20,1.0975141525268555,241.741,19032.58,1.64,0.0,0.0
1775,2016-10-21,1.0930395126342773,241.741,19032.58,1.63,0.0,0.0
1776,2016-10-24,1.0882576704025269,241.741,19032.58,1.63,0.0,0.0
1777,2016-10-25,1.0875475406646729,241.741,19032.58,1.64,0.0,0.0
1778,2016-10-26,1.0887316465377808,241.741,19032.58,1.64,0.0,0.0
1779,2016-10-27,1.091202735900879,241.741,19032.58,1.63,0.0,0.0
1780,2016-10-28,1.0900371074676514,241.741,19032.58,1.67,0.0,0.0
1781,2016-10-31,1.0984665155410767,241.741,19032.58,1.68,0.0,0.0
1782,2016-11-01,1.0973334312438965,241.741,19032.58,1.66,0.0,0.0
1783,2016-11-02,1.1057054996490479,241.741,19032.58,1.68,0.0,0.0
1784,2016-11-03,1.1097548007965088,241.741,19032.58,1.68,0.0,0.0
1785,2016-11-04,1.1102476119995117,241.741,19032.58,1.67,0.0,0.0
1786,2016-11-07,1.1101243495941162,241.741,19032.58,1.66,0.0,0.0
1787,2016-11-08,1.1052166223526,241.741,19032.58,1.7,0.0,0.0
1788,2016-11-09,1.1019041538238525,241.741,19032.58,1.71,0.0,0.0
1789,2016-11-10,1.0920606851577759,241.741,19032.58,1.72,0.0,0.0
1790,2016-11-11,1.0889687538146973,241.741,19032.58,1.73,0.0,0.0
1791,2016-11-14,1.0824854373931885,241.741,19032.58,1.73,0.0,0.0
1792,2016-11-15,1.0750375986099243,242.026,19032.58,1.72,0.0,0.0
1793,2016-11-16,1.0727311372756958,242.026,19032.58,1.7,0.0,0.0
1794,2016-11-17,1.0706638097763062,242.026,19032.58,1.68,0.0,0.0
1795,2016-11-18,1.062304139137268,242.026,19032.58,1.68,0.0,0.0
1796,2016-11-21,1.0584250688552856,242.026,19032.58,1.71,0.0,0.0
1797,2016-11-22,1.0638864040374756,242.026,19032.58,1.73,0.0,0.0
1798,2016-11-23,1.0633772611618042,242.026,19032.58,1.82,0.0,0.0
1799,2016-11-24,1.0545185804367065,242.026,19032.58,1.88,0.0,0.0
1800,2016-11-25,1.0561892986297607,242.026,19032.58,1.88,0.0,0.0
1801,2016-11-28,1.0612331628799438,242.026,19032.58,1.83,0.0,0.0
1802,2016-11-29,1.062134861946106,242.026,19032.58,1.82,0.0,0.0
1803,2016-11-30,1.0648492574691772,242.026,19032.58,1.83,0.0,0.0
1804,2016-12-01,1.0592098236083984,242.026,19032.58,1.87,0.0,0.0
1805,2016-12-02,1.0663141012191772,242.026,19032.58,1.9,0.0,0.0
1806,2016-12-05,1.0582010746002197,242.026,19032.58,1.91,0.0,0.0
1807,2016-12-06,1.0757315158843994,242.026,19032.58,1.9,0.0,0.0
1808,2016-12-07,1.0720411539077759,242.026,19032.58,1.92,0.0,0.0
1809,2016-12-08,1.0761945247650146,242.026,19032.58,1.92,0.0,0.0
1810,2016-12-09,1.062134861946106,242.026,19032.58,1.89,0.0,0.0
1811,2016-12-12,1.0547411441802979,242.026,19032.58,1.85,0.0,0.0
1812,2016-12-13,1.0641694068908691,242.026,19032.58,1.86,0.0,0.0
1813,2016-12-14,1.062925100326538,242.026,19032.58,1.94,0.0,0.0
1814,2016-12-15,1.051414132118225,242.637,19032.58,1.97,0.0,0.0
1815,2016-12-16,1.0418837070465088,242.637,19032.58,1.91,0.0,0.0
1816,2016-12-19,1.0449975728988647,242.637,19032.58,1.94,0.0,0.0
1817,2016-12-20,1.0405826568603516,242.637,19032.58,1.95,0.0,0.0
1818,2016-12-21,1.039047360420227,242.637,19032.58,1.92,0.0,0.0
1819,2016-12-22,1.0428615808486938,242.637,19032.58,1.95,0.0,0.0
1820,2016-12-23,1.0437650680541992,242.637,19032.58,1.96,0.0,0.0
1821,2016-12-26,1.045478343963623,242.637,19032.58,1.98,0.0,0.0
1822,2016-12-27,1.0456969738006592,242.637,19032.58,1.95,0.0,0.0
1823,2016-12-28,1.046233057975769,242.637,19032.58,1.94,0.0,0.0
1824,2016-12-29,1.0416991710662842,242.637,19032.58,1.9,0.0,0.0
1825,2016-12-30,1.0575296878814697,242.637,19032.58,1.86,0.0,0.0
1826,2017-01-02,1.052698016166687,242.637,19032.58,1.86,0.0,0.0
1827,2017-01-03,1.0460032224655151,242.637,19032.58,1.9,0.0,0.0
1828,2017-01-04,1.0419923067092896,242.637,19032.58,1.91,0.0,0.0
1829,2017-01-05,1.0500892400741577,242.637,19032.58,1.95,0.0,0.0
1830,2017-01-06,1.0605915784835815,242.637,19032.58,1.97,0.0,0.0
1831,2017-01-09,1.0531858205795288,242.637,19032.58,1.97,0.0,0.0
1832,2017-01-10,1.0588620901107788,242.637,19032.58,1.99,0.0,0.0
1833,2017-01-11,1.0552419424057007,242.637,19032.58,1.95,0.0,0.0
1834,2017-01-12,1.0597710609436035,242.637,19032.58,1.94,0.0,0.0
1835,2017-01-13,1.0616837739944458,242.637,19032.58,1.95,0.0,0.0
1836,2017-01-16,1.0628687143325806,243.62,19237.435,1.95,0.0,0.0
1837,2017-01-17,1.0602991580963135,243.62,19237.435,1.98,0.0,0.0
1838,2017-01-18,1.0696789026260376,243.62,19237.435,1.99,0.0,0.0
1839,2017-01-19,1.062778353691101,243.62,19237.435,1.95,0.0,0.0
1840,2017-01-20,1.0659730434417725,243.62,19237.435,1.96,0.0,0.0
1841,2017-01-23,1.0713750123977661,243.62,19237.435,1.95,0.0,0.0
1842,2017-01-24,1.0760787725448608,243.62,19237.435,1.95,0.0,0.0
1843,2017-01-25,1.0728693008422852,243.62,19237.435,1.99,0.0,0.0
1844,2017-01-26,1.0751993656158447,243.62,19237.435,1.98,0.0,0.0
1845,2017-01-27,1.068296194076538,243.62,19237.435,1.99,0.0,0.0
1846,2017-01-30,1.0713980197906494,243.62,19237.435,1.99,0.0,0.0
1847,2017-01-31,1.0708587169647217,243.62,19237.435,1.97,0.0,0.0
1848,2017-02-01,1.0803803205490112,243.62,19237.435,2.0,0.0,0.0
1849,2017-02-02,1.0767391920089722,243.62,19237.435,2.04,0.0,0.0
1850,2017-02-03,1.0761713981628418,243.62,19237.435,2.04,0.0,0.0
1851,2017-02-06,1.0782949924468994,243.62,19237.435,2.02,0.0,0.0
1852,2017-02-07,1.0743216276168823,243.62,19237.435,2.06,0.0,0.0
1853,2017-02-08,1.0678056478500366,243.62,19237.435,2.08,0.0,0.0
1854,2017-02-09,1.0692213773727417,243.62,19237.435,2.08,0.0,0.0
1855,2017-02-10,1.0658594369888306,243.62,19237.435,2.08,0.0,0.0
1856,2017-02-13,1.061954379081726,243.62,19237.435,2.07,0.0,0.0
1857,2017-02-14,1.059849739074707,243.62,19237.435,2.05,0.0,0.0
1858,2017-02-15,1.0578316450119019,243.872,19237.435,2.05,0.0,0.0
1859,2017-02-16,1.0607378482818604,243.872,19237.435,2.05,0.0,0.0
1860,2017-02-17,1.0672245025634766,243.872,19237.435,2.05,0.0,0.0
1861,2017-02-20,1.062665343284607,243.872,19237.435,2.02,0.0,0.0
1862,2017-02-21,1.0609403848648071,243.872,19237.435,2.0,0.0,0.0
1863,2017-02-22,1.0542073249816895,243.872,19237.435,1.96,0.0,0.0
1864,2017-02-23,1.0554089546203613,243.872,19237.435,1.99,0.0,0.0
1865,2017-02-24,1.0584474802017212,243.872,19237.435,2.01,0.0,0.0
1866,2017-02-27,1.055275321006775,243.872,19237.435,2.0,0.0,0.0
1867,2017-02-28,1.0584250688552856,243.872,19237.435,2.01,0.0,0.0
1868,2017-03-01,1.0569148063659668,243.872,19237.435,2.06,0.0,0.0
1869,2017-03-02,1.0535852909088135,243.872,19237.435,2.02,0.0,0.0
1870,2017-03-03,1.0509721040725708,243.872,19237.435,2.01,0.0,0.0
1871,2017-03-06,1.062044620513916,243.872,19237.435,2.01,0.0,0.0
1872,2017-03-07,1.0579211711883545,243.872,19237.435,2.03,0.0,0.0
1873,2017-03-08,1.0570154190063477,243.872,19237.435,2.04,0.0,0.0
1874,2017-03-09,1.0547411441802979,243.872,19237.435,2.03,0.0,0.0
1875,2017-03-10,1.0578428506851196,243.872,19237.435,2.0,0.0,0.0
1876,2017-03-13,1.0690041780471802,243.872,19237.435,2.01,0.0,0.0
1877,2017-03-14,1.0651443004608154,243.872,19237.435,2.02,0.0,0.0
1878,2017-03-15,1.0612443685531616,243.766,19237.435,2.03,0.0,0.0
1879,2017-03-16,1.0737909078598022,243.766,19237.435,2.01,0.0,0.0
1880,2017-03-17,1.077470064163208,243.766,19237.435,2.04,0.0,0.0
1881,2017-03-20,1.0742985010147095,243.766,19237.435,2.01,0.0,0.0
1882,2017-03-21,1.073767900466919,243.766,19237.435,2.03,0.0,0.0
1883,2017-03-22,1.081244707107544,243.766,19237.435,2.01,0.0,0.0
1884,2017-03-23,1.0790164470672607,243.766,19237.435,2.0,0.0,0.0
1885,2017-03-24,1.0783880949020386,243.766,19237.435,2.01,0.0,0.0
1886,2017-03-27,1.0849517583847046,243.766,19237.435,2.01,0.0,0.0
1887,2017-03-28,1.0860947370529175,243.766,19237.435,1.99,0.0,0.0
1888,2017-03-29,1.0817711353302002,243.766,19237.435,2.01,0.0,0.0
1889,2017-03-30,1.0759629011154175,243.766,19237.435,2.02,0.0,0.0
1890,2017-03-31,1.0687072277069092,243.766,19237.435,2.01,0.0,0.0
1891,2017-04-03,1.0668829679489136,243.766,19237.435,2.0,0.0,0.0
1892,2017-04-04,1.067008137702942,243.766,19237.435,1.98,0.0,0.0
1893,2017-04-05,1.0680338144302368,243.766,19237.435,1.97,0.0,0.0
1894,2017-04-06,1.0672472715377808,243.766,19237.435,1.95,0.0,0.0
1895,2017-04-07,1.0644639730453491,243.766,19237.435,1.98,0.0,0.0
1896,2017-04-10,1.0582010746002197,243.766,19237.435,1.97,0.0,0.0
1897,2017-04-11,1.0597598552703857,243.766,19237.435,1.97,0.0,0.0
1898,2017-04-12,1.0611318349838257,243.766,19237.435,1.98,0.0,0.0
1899,2017-04-13,1.0670650005340576,243.766,19237.435,1.96,0.0,0.0
1900,2017-04-14,1.0616387128829956,243.766,19237.435,1.97,0.0,0.0
1901,2017-04-17,1.0610530376434326,244.274,19379.232,1.96,0.0,0.0
1902,2017-04-18,1.0644525289535522,244.274,19379.232,1.96,0.0,0.0
1903,2017-04-19,1.0728693008422852,244.274,19379.232,1.97,0.0,0.0
1904,2017-04-20,1.0715012550354004,244.274,19379.232,1.95,0.0,0.0
1905,2017-04-21,1.0714898109436035,244.274,19379.232,1.94,0.0,0.0
1906,2017-04-24,1.087393879890442,244.274,19379.232,1.93,0.0,0.0
1907,2017-04-25,1.0864840745925903,244.274,19379.232,1.91,0.0,0.0
1908,2017-04-26,1.0928245782852173,244.274,19379.232,1.9,0.0,0.0
1909,2017-04-27,1.090893268585205,244.274,19379.232,1.92,0.0,0.0
1910,2017-04-28,1.0864251852035522,244.274,19379.232,1.92,0.0,0.0
1911,2017-05-01,1.0907504558563232,244.274,19379.232,1.88,0.0,0.0
1912,2017-05-02,1.090893268585205,244.274,19379.232,1.85,0.0,0.0
1913,2017-05-03,1.0935654640197754,244.274,19379.232,1.85,0.0,0.0
1914,2017-05-04,1.0888975858688354,244.274,19379.232,1.85,0.0,0.0
1915,2017-05-05,1.098152995109558,244.274,19379.232,1.84,0.0,0.0
1916,2017-05-08,1.0965152978897095,244.274,19379.232,1.87,0.0,0.0
1917,2017-05-09,1.0927767753601074,244.274,19379.232,1.91,0.0,0.0
1918,2017-05-10,1.0886842012405396,244.274,19379.232,1.9,0.0,0.0
1919,2017-05-11,1.087074637413025,244.274,19379.232,1.91,0.0,0.0
1920,2017-05-12,1.0864958763122559,244.274,19379.232,1.92,0.0,0.0
1921,2017-05-15,1.0927289724349976,244.069,19379.232,1.92,0.0,0.0
1922,2017-05-16,1.0981770753860474,244.069,19379.232,1.88,0.0,0.0
1923,2017-05-17,1.1093976497650146,244.069,19379.232,1.87,0.0,0.0
1924,2017-05-18,1.115635633468628,244.069,19379.232,1.86,0.0,0.0
1925,2017-05-19,1.1113580465316772,244.069,19379.232,1.86,0.0,0.0
1926,2017-05-22,1.120485782623291,244.069,19379.232,1.86,0.0,0.0
1927,2017-05-23,1.123885989189148,244.069,19379.232,1.86,0.0,0.0
1928,2017-05-24,1.11793053150177,244.069,19379.232,1.85,0.0,0.0
1929,2017-05-25,1.1230907440185547,244.069,19379.232,1.88,0.0,0.0
1930,2017-05-26,1.121076226234436,244.069,19379.232,1.84,0.0,0.0
1931,2017-05-29,1.1176055669784546,244.069,19379.232,1.82,0.0,0.0
1932,2017-05-30,1.1129041910171509,244.069,19379.232,1.82,0.0,0.0
1933,2017-05-31,1.117168664932251,244.069,19379.232,1.78,0.0,0.0
1934,2017-06-01,1.1243535280227661,244.069,19379.232,1.8,0.0,0.0
1935,2017-06-02,1.1215791702270508,244.069,19379.232,1.82,0.0,0.0
1936,2017-06-05,1.128082513809204,244.069,19379.232,1.82,0.0,0.0
1937,2017-06-06,1.1256824731826782,244.069,19379.232,1.83,0.0,0.0
1938,2017-06-07,1.1271415948867798,244.069,19379.232,1.81,0.0,0.0
1939,2017-06-08,1.125517725944519,244.069,19379.232,1.8,0.0,0.0
1940,2017-06-09,1.1184805631637573,244.069,19379.232,1.81,0.0,0.0
1941,2017-06-12,1.1201971769332886,244.069,19379.232,1.81,0.0,0.0
1942,2017-06-13,1.1196202039718628,244.069,19379.232,1.81,0.0,0.0
1943,2017-06-14,1.1208877563476562,244.069,19379.232,1.81,0.0,0.0
1944,2017-06-15,1.1215791702270508,244.218,19379.232,1.81,0.0,0.0
1945,2017-06-16,1.1146905422210693,244.218,19379.232,1.79,0.0,0.0
1946,2017-06-19,1.120824933052063,244.218,19379.232,1.79,0.0,0.0
1947,2017-06-20,1.1144545078277588,244.218,19379.232,1.77,0.0,0.0
1948,2017-06-21,1.1136974096298218,244.218,19379.232,1.78,0.0,0.0
1949,2017-06-22,1.1167196035385132,244.218,19379.232,1.78,0.0,0.0
1950,2017-06-23,1.1149640083312988,244.218,19379.232,1.78,0.0,0.0
1951,2017-06-26,1.1198835372924805,244.218,19379.232,1.75,0.0,0.0
1952,2017-06-27,1.118355631828308,244.218,19379.232,1.75,0.0,0.0
1953,2017-06-28,1.1339154243469238,244.218,19379.232,1.71,0.0,0.0
1954,2017-06-29,1.1382650136947632,244.218,19379.232,1.67,0.0,0.0
1955,2017-06-30,1.144164800643921,244.218,19379.232,1.67,0.0,0.0
1956,2017-07-03,1.1423088312149048,244.218,19379.232,1.67,0.0,0.0
1957,2017-07-04,1.1371389627456665,244.218,19379.232,1.66,0.0,0.0
1958,2017-07-05,1.1360150575637817,244.218,19379.232,1.66,0.0,0.0
1959,2017-07-06,1.1346874237060547,244.218,19379.232,1.69,0.0,0.0
1960,2017-07-07,1.1424784660339355,244.218,19379.232,1.7,0.0,0.0
1961,2017-07-10,1.140380859375,244.218,19379.232,1.71,0.0,0.0
1962,2017-07-12,1.1473942995071411,244.218,19379.232,1.73,0.0,0.0
1963,2017-07-13,1.1418914794921875,244.218,19379.232,1.72,0.0,0.0
1964,2017-07-14,1.140393853187561,244.218,19379.232,1.73,0.0,0.0
1965,2017-07-17,1.1475391387939453,244.28,19617.288,1.75,0.0,0.0
1966,2017-07-18,1.1474337577819824,244.28,19617.288,1.75,0.0,0.0
1967,2017-07-19,1.1549744606018066,244.28,19617.288,1.75,0.0,0.0
1968,2017-07-20,1.1528440713882446,244.28,19617.288,1.76,0.0,0.0
1969,2017-07-21,1.1628718376159668,244.28,19617.288,1.73,0.0,0.0
1970,2017-07-24,1.1681697368621826,244.28,19617.288,1.72,0.0,0.0
1971,2017-07-25,1.1638869047164917,244.28,19617.288,1.75,0.0,0.0
1972,2017-07-26,1.1644561290740967,244.28,19617.288,1.76,0.0,0.0
1973,2017-07-27,1.1728004217147827,244.28,19617.288,1.77,0.0,0.0
1974,2017-07-28,1.1688660383224487,244.28,19617.288,1.76,0.0,0.0
1975,2017-07-31,1.1747292280197144,244.28,19617.288,1.77,0.0,0.0
1976,2017-08-01,1.182410478591919,244.28,19617.288,1.76,0.0,0.0
1977,2017-08-02,1.1811256408691406,244.28,19617.288,1.76,0.0,0.0
1978,2017-08-03,1.1851149797439575,244.28,19617.288,1.77,0.0,0.0
1979,2017-08-04,1.1884952783584595,244.28,19617.288,1.76,0.0,0.0
1980,2017-08-07,1.1778424978256226,244.28,19617.288,1.78,0.0,0.0
1981,2017-08-08,1.1800941228866577,244.28,19617.288,1.81,0.0,0.0
1982,2017-08-09,1.1754610538482666,244.28,19617.288,1.8,0.0,0.0
1983,2017-08-10,1.1761523485183716,244.28,19617.288,1.83,0.0,0.0
1984,2017-08-11,1.177024483680725,244.28,19617.288,1.83,0.0,0.0
1985,2017-08-14,1.182550311088562,244.28,19617.288,1.82,0.0,0.0
1986,2017-08-15,1.1775789260864258,245.205,19617.288,1.79,0.0,0.0
1987,2017-08-16,1.1741223335266113,245.205,19617.288,1.79,0.0,0.0
1988,2017-08-17,1.1774264574050903,245.205,19617.288,1.78,0.0,0.0
1989,2017-08-18,1.1715501546859741,245.205,19617.288,1.8,0.0,0.0
1990,2017-08-21,1.1756268739700317,245.205,19617.288,1.8,0.0,0.0
1991,2017-08-22,1.1811953783035278,245.205,19617.288,1.83,0.0,0.0
1992,2017-08-23,1.176221489906311,245.205,19617.288,1.82,0.0,0.0
1993,2017-08-24,1.1816558837890625,245.205,19617.288,1.8,0.0,0.0
1994,2017-08-25,1.1802195310592651,245.205,19617.288,1.79,0.0,0.0
1995,2017-08-28,1.1951857805252075,245.205,19617.288,1.77,0.0,0.0
1996,2017-08-29,1.1963869333267212,245.205,19617.288,1.78,0.0,0.0
1997,2017-08-30,1.1970456838607788,245.205,19617.288,1.78,0.0,0.0
1998,2017-08-31,1.1893434524536133,245.205,19617.288,1.77,0.0,0.0
1999,2017-09-01,1.1910432577133179,245.205,19617.288,1.76,0.0,0.0
2000,2017-09-04,1.1882835626602173,245.205,19617.288,1.75,0.0,0.0
2001,2017-09-05,1.1893434524536133,245.205,19617.288,1.77,0.0,0.0
2002,2017-09-06,1.1924067735671997,245.205,19617.288,1.75,0.0,0.0
2003,2017-09-07,1.1927765607833862,245.205,19617.288,1.75,0.0,0.0
2004,2017-09-08,1.2029062509536743,245.205,19617.288,1.75,0.0,0.0
2005,2017-09-11,1.2017642259597778,245.205,19617.288,1.75,0.0,0.0
2006,2017-09-12,1.1959433555603027,245.205,19617.288,1.74,0.0,0.0
2007,2017-09-13,1.1974613666534424,245.205,19617.288,1.76,0.0,0.0
2008,2017-09-14,1.1890605688095093,245.205,19617.288,1.76,0.0,0.0
2009,2017-09-15,1.1921650171279907,246.551,19617.288,1.79,0.0,0.0
2010,2017-09-18,1.193716287612915,246.551,19617.288,1.79,0.0,0.0
2011,2017-09-19,1.1959290504455566,246.551,19617.288,1.77,0.0,0.0
2012,2017-09-20,1.199256420135498,246.551,19617.288,1.78,0.0,0.0
2013,2017-09-21,1.1872113943099976,246.551,19617.288,1.79,0.0,0.0
2014,2017-09-22,1.194557547569275,246.551,19617.288,1.81,0.0,0.0
2015,2017-09-25,1.1927196979522705,246.551,19617.288,1.83,0.0,0.0
2016,2017-09-26,1.185564637184143,246.551,19617.288,1.84,0.0,0.0
2017,2017-09-27,1.1786059141159058,246.551,19617.288,1.85,0.0,0.0
2018,2017-09-28,1.1749638319015503,246.551,19617.288,1.85,0.0,0.0
2019,2017-09-29,1.178175449371338,246.551,19617.288,1.85,0.0,0.0
2020,2017-10-02,1.1807351112365723,246.551,19617.288,1.87,0.0,0.0
2021,2017-10-03,1.173378348350525,246.551,19617.288,1.87,0.0,0.0
2022,2017-10-04,1.1747568845748901,246.551,19617.288,1.85,0.0,0.0
2023,2017-10-05,1.175723671913147,246.551,19617.288,1.83,0.0,0.0
2024,2017-10-06,1.1712344884872437,246.551,19617.288,1.84,0.0,0.0
2025,2017-10-09,1.1742464303970337,246.551,19617.288,1.84,0.0,0.0
2026,2017-10-10,1.1741636991500854,246.551,19617.288,1.84,0.0,0.0
2027,2017-10-11,1.1814883947372437,246.551,19617.288,1.87,0.0,0.0
2028,2017-10-12,1.1865493059158325,246.551,19617.288,1.87,0.0,0.0
2029,2017-10-13,1.1831799745559692,246.551,19617.288,1.84,0.0,0.0
2030,2017-10-16,1.181404709815979,246.657,19937.963,1.83,0.0,0.0
2031,2017-10-17,1.1794538497924805,246.657,19937.963,1.84,0.0,0.0
2032,2017-10-18,1.1771907806396484,246.657,19937.963,1.85,0.0,0.0
2033,2017-10-19,1.1795234680175781,246.657,19937.963,1.86,0.0,0.0
2034,2017-10-20,1.184805989265442,246.657,19937.963,1.87,0.0,0.0
2035,2017-10-23,1.175364375114441,246.657,19937.963,1.87,0.0,0.0
2036,2017-10-24,1.1759172677993774,246.657,19937.963,1.88,0.0,0.0
2037,2017-10-25,1.1759034395217896,246.657,19937.963,1.89,0.0,0.0
2038,2017-10-26,1.182075023651123,246.657,19937.963,1.89,0.0,0.0
2039,2017-10-27,1.163724422454834,246.657,19937.963,1.85,0.0,0.0
2040,2017-10-30,1.1604562997817993,246.657,19937.963,1.84,0.0,0.0
2041,2017-10-31,1.1652703285217285,246.657,19937.963,1.82,0.0,0.0
2042,2017-11-01,1.165175199508667,246.657,19937.963,1.84,0.0,0.0
2043,2017-11-02,1.1628718376159668,246.657,19937.963,1.84,0.0,0.0
2044,2017-11-03,1.1661807298660278,246.657,19937.963,1.87,0.0,0.0
2045,2017-11-06,1.1614941358566284,246.657,19937.963,1.86,0.0,0.0
2046,2017-11-07,1.1612648963928223,246.657,19937.963,1.87,0.0,0.0
2047,2017-11-08,1.1601063013076782,246.657,19937.963,1.88,0.0,0.0
2048,2017-11-09,1.15968918800354,246.657,19937.963,1.89,0.0,0.0
2049,2017-11-10,1.164686679840088,246.657,19937.963,1.88,0.0,0.0
2050,2017-11-13,1.1661127805709839,246.657,19937.963,1.87,0.0,0.0
2051,2017-11-14,1.1664936542510986,246.657,19937.963,1.88,0.0,0.0
2052,2017-11-15,1.1792869567871094,247.378,19937.963,1.88,0.0,0.0
2053,2017-11-17,1.1777453422546387,247.378,19937.963,1.86,0.0,0.0
2054,2017-11-20,1.1731857061386108,247.378,19937.963,1.86,0.0,0.0
2055,2017-11-21,1.1741223335266113,247.378,19937.963,1.88,0.0,0.0
2056,2017-11-22,1.173722743988037,247.378,19937.963,1.87,0.0,0.0
2057,2017-11-23,1.1814744472503662,247.378,19937.963,1.87,0.0,0.0
2058,2017-11-24,1.1853959560394287,247.378,19937.963,1.88,0.0,0.0
2059,2017-11-27,1.1926485300064087,247.378,19937.963,1.88,0.0,0.0
2060,2017-11-28,1.1904903650283813,247.378,19937.963,1.87,0.0,0.0
2061,2017-11-29,1.184805989265442,247.378,19937.963,1.85,0.0,0.0
2062,2017-11-30,1.18519926071167,247.378,19937.963,1.84,0.0,0.0
2063,2017-12-01,1.1898245811462402,247.378,19937.963,1.86,0.0,0.0
2064,2017-12-04,1.1859863996505737,247.378,19937.963,1.85,0.0,0.0
2065,2017-12-05,1.1867746114730835,247.378,19937.963,1.84,0.0,0.0
2066,2017-12-06,1.1832919120788574,247.378,19937.963,1.84,0.0,0.0
2067,2017-12-07,1.1804285049438477,247.378,19937.963,1.84,0.0,0.0
2068,2017-12-08,1.1772184371948242,247.378,19937.963,1.84,0.0,0.0
2069,2017-12-11,1.1769968271255493,247.378,19937.963,1.83,0.0,0.0
2070,2017-12-12,1.1777591705322266,247.378,19937.963,1.84,0.0,0.0
2071,2017-12-13,1.1742602586746216,247.378,19937.963,1.84,0.0,0.0
2072,2017-12-14,1.1835860013961792,247.378,19937.963,1.86,0.0,0.0
2073,2017-12-15,1.1774957180023193,247.736,19937.963,1.86,0.0,0.0
2074,2017-12-18,1.1743566989898682,247.736,19937.963,1.87,0.0,0.0
2075,2017-12-19,1.1784253120422363,247.736,19937.963,1.86,0.0,0.0
2076,2017-12-20,1.1841325759887695,247.736,19937.963,1.86,0.0,0.0
2077,2017-12-21,1.1878176927566528,247.736,19937.963,1.87,0.0,0.0
2078,2017-12-22,1.1857331991195679,247.736,19937.963,1.88,0.0,0.0
2079,2017-12-25,1.1856067180633545,247.736,19937.963,1.88,0.0,0.0
2080,2017-12-26,1.187253713607788,247.736,19937.963,1.89,0.0,0.0
2081,2017-12-27,1.1857894659042358,247.736,19937.963,1.88,0.0,0.0
2082,2017-12-28,1.1900794506072998,247.736,19937.963,1.87,0.0,0.0
2083,2017-12-29,1.1941723823547363,247.736,19937.963,1.88,0.0,0.0
2084,2018-01-01,1.200494647026062,247.736,19937.963,1.89,0.0,0.0
2085,2018-01-02,1.2011579275131226,247.736,19937.963,1.91,0.0,0.0
2086,2018-01-03,1.2063454389572144,247.736,19937.963,1.92,0.0,0.0
2087,2018-01-04,1.2010425329208374,247.736,19937.963,1.93,0.0,0.0
2088,2018-01-05,1.2068840265274048,247.736,19937.963,1.94,0.0,0.0
2089,2018-01-08,1.2037460803985596,247.736,19937.963,1.94,0.0,0.0
2090,2018-01-09,1.1970456838607788,247.736,19937.963,1.94,0.0,0.0
2091,2018-01-10,1.1929330825805664,247.736,19937.963,1.94,0.0,0.0
2092,2018-01-11,1.1956144571304321,247.736,19937.963,1.96,0.0,0.0
2093,2018-01-12,1.2042099237442017,247.736,19937.963,1.96,0.0,0.0
2094,2018-01-15,1.2192296981811523,248.721,20242.215,1.96,0.0,0.0
2095,2018-01-16,1.2268433570861816,248.721,20242.215,2.0,0.0,0.0
2096,2018-01-17,1.227129340171814,248.721,20242.215,1.98,0.0,0.0
2097,2018-01-18,1.218397855758667,248.721,20242.215,2.01,0.0,0.0
2098,2018-01-19,1.2236607074737549,248.721,20242.215,2.01,0.0,0.0
2099,2018-01-22,1.2255502939224243,248.721,20242.215,2.02,0.0,0.0
2100,2018-01-23,1.2256253957748413,248.721,20242.215,2.03,0.0,0.0
2101,2018-01-24,1.2310267686843872,248.721,20242.215,2.03,0.0,0.0
2102,2018-01-25,1.239111304283142,248.721,20242.215,2.0,0.0,0.0
2103,2018-01-26,1.239234209060669,248.721,20242.215,2.01,0.0,0.0
2104,2018-01-29,1.2428072690963745,248.721,20242.215,2.01,0.0,0.0
2105,2018-01-30,1.2381141185760498,248.721,20242.215,2.03,0.0,0.0
2106,2018-01-31,1.2409565448760986,248.721,20242.215,2.04,0.0,0.0
2107,2018-02-01,1.241865873336792,248.721,20242.215,2.05,0.0,0.0
2108,2018-02-02,1.2510008811950684,248.721,20242.215,2.06,0.0,0.0
2109,2018-02-05,1.244694471359253,248.721,20242.215,2.06,0.0,0.0
2110,2018-02-06,1.2367818355560303,248.721,20242.215,2.06,0.0,0.0
2111,2018-02-07,1.2381294965744019,248.721,20242.215,2.07,0.0,0.0
2112,2018-02-08,1.2268133163452148,248.721,20242.215,2.07,0.0,0.0
2113,2018-02-09,1.2260762453079224,248.721,20242.215,2.09,0.0,0.0
2114,2018-02-12,1.2252799272537231,248.721,20242.215,2.09,0.0,0.0
2115,2018-02-13,1.2303755283355713,248.721,20242.215,2.1,0.0,0.0
2116,2018-02-14,1.235376238822937,248.721,20242.215,2.11,0.0,0.0
2117,2018-02-15,1.2467273473739624,249.3,20242.215,2.11,0.0,0.0
2118,2018-02-16,1.2503595352172852,249.3,20242.215,2.14,0.0,0.0
2119,2018-02-19,1.241187572479248,249.3,20242.215,2.1,0.0,0.0
2120,2018-02-20,1.2398641109466553,249.3,20242.215,2.1,0.0,0.0
2121,2018-02-21,1.233532428741455,249.3,20242.215,2.1,0.0,0.0
2122,2018-02-22,1.2281843423843384,249.3,20242.215,2.09,0.0,0.0
2123,2018-02-23,1.2326656579971313,249.3,20242.215,2.05,0.0,0.0
2124,2018-02-26,1.228712558746338,249.3,20242.215,2.07,0.0,0.0
2125,2018-02-27,1.2315573692321777,249.3,20242.215,2.05,0.0,0.0
2126,2018-02-28,1.2230321168899536,249.3,20242.215,2.09,0.0,0.0
2127,2018-03-01,1.2191256284713745,249.3,20242.215,2.11,0.0,0.0
2128,2018-03-02,1.2270842790603638,249.3,20242.215,2.09,0.0,0.0
2129,2018-03-05,1.2315422296524048,249.3,20242.215,2.09,0.0,0.0
2130,2018-03-06,1.2336541414260864,249.3,20242.215,2.1,0.0,0.0
2131,2018-03-07,1.2416653633117676,249.3,20242.215,2.12,0.0,0.0
2132,2018-03-08,1.2414649724960327,249.3,20242.215,2.11,0.0,0.0
2133,2018-03-09,1.2306632995605469,249.3,20242.215,2.12,0.0,0.0
2134,2018-03-12,1.2308752536773682,249.3,20242.215,2.13,0.0,0.0
2135,2018-03-13,1.2339584827423096,249.3,20242.215,2.13,0.0,0.0
2136,2018-03-14,1.239234209060669,249.3,20242.215,2.12,0.0,0.0
2137,2018-03-15,1.2375624179840088,249.517,20242.215,2.1,0.0,0.0
2138,2018-03-16,1.2309207916259766,249.517,20242.215,2.12,0.0,0.0
2139,2018-03-19,1.228078842163086,249.517,20242.215,2.13,0.0,0.0
2140,2018-03-20,1.2336845397949219,249.517,20242.215,2.12,0.0,0.0
2141,2018-03-21,1.2251899242401123,249.517,20242.215,2.13,0.0,0.0
2142,2018-03-22,1.2347661256790161,249.517,20242.215,2.11,0.0,0.0
2143,2018-03-23,1.2324985265731812,249.517,20242.215,2.12,0.0,0.0
2144,2018-03-26,1.235437273979187,249.517,20242.215,2.1,0.0,0.0
2145,2018-03-27,1.2457488775253296,249.517,20242.215,2.09,0.0,0.0
2146,2018-03-28,1.240787148475647,249.517,20242.215,2.07,0.0,0.0
2147,2018-03-29,1.2310267686843872,249.517,20242.215,2.08,0.0,0.0
2148,2018-03-30,1.2302846908569336,249.517,20242.215,2.08,0.0,0.0
2149,2018-04-02,1.231420874595642,249.517,20242.215,2.08,0.0,0.0
2150,2018-04-03,1.229271411895752,249.517,20242.215,2.08,0.0,0.0
2151,2018-04-04,1.2278525829315186,249.517,20242.215,2.09,0.0,0.0
2152,2018-04-05,1.228682279586792,249.517,20242.215,2.08,0.0,0.0
2153,2018-04-06,1.2251598834991455,249.517,20242.215,2.07,0.0,0.0
2154,2018-04-09,1.227144479751587,249.517,20242.215,2.08,0.0,0.0
2155,2018-04-10,1.2322403192520142,249.517,20242.215,2.07,0.0,0.0
2156,2018-04-11,1.2363078594207764,249.517,20242.215,2.05,0.0,0.0
2157,2018-04-12,1.2371643781661987,249.517,20242.215,2.05,0.0,0.0
2158,2018-04-13,1.2329696416854858,249.517,20242.215,2.05,0.0,0.0
2159,2018-04-16,1.233258605003357,250.275,20552.653,2.05,0.0,0.0
2160,2018-04-17,1.2385127544403076,250.275,20552.653,2.08,0.0,0.0
2161,2018-04-18,1.237317442893982,250.275,20552.653,2.08,0.0,0.0
2162,2018-04-19,1.237914800643921,250.275,20552.653,2.08,0.0,0.0
2163,2018-04-20,1.2345526218414307,250.275,20552.653,2.07,0.0,0.0
2164,2018-04-23,1.2273402214050293,250.275,20552.653,2.07,0.0,0.0
2165,2018-04-24,1.22089684009552,250.275,20552.653,2.08,0.0,0.0
2166,2018-04-25,1.2241400480270386,250.275,20552.653,2.11,0.0,0.0
2167,2018-04-26,1.2171669006347656,250.275,20552.653,2.13,0.0,0.0
2168,2018-04-27,1.2109616994857788,250.275,20552.653,2.13,0.0,0.0
2169,2018-04-30,1.2122827768325806,250.275,20552.653,2.12,0.0,0.0
2170,2018-05-01,1.2081234455108643,250.275,20552.653,2.14,0.0,0.0
2171,2018-05-02,1.1991558074951172,250.275,20552.653,2.16,0.0,0.0
2172,2018-05-03,1.19510018825531,250.275,20552.653,2.17,0.0,0.0
2173,2018-05-04,1.1989257335662842,250.275,20552.653,2.17,0.0,0.0
2174,2018-05-07,1.195500135421753,250.275,20552.653,2.18,0.0,0.0
2175,2018-05-08,1.1933743953704834,250.275,20552.653,2.17,0.0,0.0
2176,2018-05-09,1.1867886781692505,250.275,20552.653,2.17,0.0,0.0
2177,2018-05-10,1.184721827507019,250.275,20552.653,2.18,0.0,0.0
2178,2018-05-11,1.1917530298233032,250.275,20552.653,2.17,0.0,0.0
2179,2018-05-14,1.1952143907546997,250.275,20552.653,2.17,0.0,0.0
2180,2018-05-15,1.1931180953979492,250.786,20552.653,2.16,0.0,0.0
2181,2018-05-16,1.1820889711380005,250.786,20552.653,2.17,0.0,0.0
2182,2018-05-17,1.1816978454589844,250.786,20552.653,2.16,0.0,0.0
2183,2018-05-18,1.1795234680175781,250.786,20552.653,2.16,0.0,0.0
2184,2018-05-21,1.1766643524169922,250.786,20552.653,2.17,0.0,0.0
2185,2018-05-22,1.1792453527450562,250.786,20552.653,2.16,0.0,0.0
2186,2018-05-23,1.1788560152053833,250.786,20552.653,2.18,0.0,0.0
2187,2018-05-24,1.1710150241851807,250.786,20552.653,2.17,0.0,0.0
2188,2018-05-25,1.1722642183303833,250.786,20552.653,2.15,0.0,0.0
2189,2018-05-28,1.1688934564590454,250.786,20552.653,2.15,0.0,0.0
2190,2018-05-29,1.162696123123169,250.786,20552.653,2.18,0.0,0.0
2191,2018-05-30,1.1539349555969238,250.786,20552.653,2.17,0.0,0.0
2192,2018-05-31,1.1667250394821167,250.786,20552.653,2.16,0.0,0.0
2193,2018-06-01,1.1693171262741089,250.786,20552.653,2.15,0.0,0.0
2194,2018-06-04,1.1668611764907837,250.786,20552.653,2.16,0.0,0.0
2195,2018-06-05,1.1700559854507446,250.786,20552.653,2.15,0.0,0.0
2196,2018-06-06,1.1726216077804565,250.786,20552.653,2.14,0.0,0.0
2197,2018-06-07,1.178550362586975,250.786,20552.653,2.12,0.0,0.0
2198,2018-06-08,1.1795234680175781,250.786,20552.653,2.09,0.0,0.0
2199,2018-06-11,1.1783976554870605,250.786,20552.653,2.09,0.0,0.0
2200,2018-06-12,1.177412509918213,250.786,20552.653,2.04,0.0,0.0
2201,2018-06-13,1.17482590675354,250.786,20552.653,2.06,0.0,0.0
2202,2018-06-14,1.1807769536972046,250.786,20552.653,2.07,0.0,0.0
2203,2018-06-15,1.1566576957702637,251.152,20552.653,2.09,0.0,0.0
2204,2018-06-18,1.159595012664795,251.152,20552.653,2.12,0.0,0.0
2205,2018-06-19,1.1630746126174927,251.152,20552.653,2.13,0.0,0.0
2206,2018-06-20,1.1588560342788696,251.152,20552.653,2.14,0.0,0.0
2207,2018-06-21,1.1579033136367798,251.152,20552.653,2.13,0.0,0.0
2208,2018-06-22,1.1605775356292725,251.152,20552.653,2.11,0.0,0.0
2209,2018-06-25,1.1661399602890015,251.152,20552.653,2.13,0.0,0.0
2210,2018-06-26,1.1702749729156494,251.152,20552.653,2.13,0.0,0.0
2211,2018-06-27,1.1650259494781494,251.152,20552.653,2.12,0.0,0.0
2212,2018-06-28,1.1563634872436523,251.152,20552.653,2.12,0.0,0.0
2213,2018-06-29,1.1562966108322144,251.152,20552.653,2.12,0.0,0.0
2214,2018-07-02,1.1678558588027954,251.152,20552.653,2.12,0.0,0.0
2215,2018-07-03,1.1642121076583862,251.152,20552.653,2.12,0.0,0.0
2216,2018-07-04,1.1659224033355713,251.152,20552.653,2.12,0.0,0.0
2217,2018-07-05,1.166235089302063,251.152,20552.653,2.11,0.0,0.0
2218,2018-07-06,1.1695905923843384,251.152,20552.653,2.12,0.0,0.0
2219,2018-07-09,1.1752262115478516,251.152,20552.653,2.1,0.0,0.0
2220,2018-07-10,1.1756960153579712,251.152,20552.653,2.12,0.0,0.0
2221,2018-07-11,1.1727042198181152,251.152,20552.653,2.11,0.0,0.0
2222,2018-07-12,1.1676785945892334,251.152,20552.653,2.1,0.0,0.0
2223,2018-07-13,1.1665889024734497,251.152,20552.653,2.11,0.0,0.0
2224,2018-07-16,1.1679104566574097,251.345,20742.723,2.14,0.0,0.0
2225,2018-07-17,1.170946478843689,251.345,20742.723,2.12,0.0,0.0
2226,2018-07-18,1.1653246879577637,251.345,20742.723,2.12,0.0,0.0
2227,2018-07-19,1.164564609527588,251.345,20742.723,2.13,0.0,0.0
2228,2018-07-20,1.1655147075653076,251.345,20742.723,2.12,0.0,0.0
2229,2018-07-23,1.1741912364959717,251.345,20742.723,2.13,0.0,0.0
2230,2018-07-24,1.1694128513336182,251.345,20742.723,2.13,0.0,0.0
2231,2018-07-25,1.1685519218444824,251.345,20742.723,2.11,0.0,0.0
2232,2018-07-26,1.1737502813339233,251.345,20742.723,2.1,0.0,0.0
2233,2018-07-27,1.1642934083938599,251.345,20742.723,2.11,0.0,0.0
2234,2018-07-30,1.16604483127594,251.345,20742.723,2.1,0.0,0.0
2235,2018-07-31,1.1707408428192139,251.345,20742.723,2.09,0.0,0.0
2236,2018-08-01,1.168961763381958,251.345,20742.723,2.09,0.0,0.0
2237,2018-08-02,1.1665889024734497,251.345,20742.723,2.09,0.0,0.0
2238,2018-08-03,1.1586008071899414,251.345,20742.723,2.11,0.0,0.0
2239,2018-08-06,1.1562297344207764,251.345,20742.723,2.11,0.0,0.0
2240,2018-08-07,1.1558021306991577,251.345,20742.723,2.11,0.0,0.0
2241,2018-08-08,1.1602946519851685,251.345,20742.723,2.13,0.0,0.0
2242,2018-08-09,1.1610760688781738,251.345,20742.723,2.11,0.0,0.0
2243,2018-08-10,1.1523923873901367,251.345,20742.723,2.12,0.0,0.0
2244,2018-08-13,1.1394712924957275,251.345,20742.723,2.13,0.0,0.0
2245,2018-08-14,1.1402509212493896,251.345,20742.723,2.12,0.0,0.0
2246,2018-08-15,1.1345715522766113,251.735,20742.723,2.13,0.0,0.0
2247,2018-08-16,1.134429931640625,251.735,20742.723,2.12,0.0,0.0
2248,2018-08-17,1.1371389627456665,251.735,20742.723,2.12,0.0,0.0
2249,2018-08-20,1.1437721252441406,251.735,20742.723,2.11,0.0,0.0
2250,2018-08-21,1.149134635925293,251.735,20742.723,2.13,0.0,0.0
2251,2018-08-22,1.1576753854751587,251.735,20742.723,2.11,0.0,0.0
2252,2018-08-23,1.1584800481796265,251.735,20742.723,2.11,0.0,0.0
2253,2018-08-24,1.154334545135498,251.735,20742.723,2.09,0.0,0.0
2254,2018-08-27,1.164890170097351,251.735,20742.723,2.1,0.0,0.0
2255,2018-08-28,1.1683608293533325,251.735,20742.723,2.09,0.0,0.0
2256,2018-08-29,1.1691256761550903,251.735,20742.723,2.08,0.0,0.0
2257,2018-08-30,1.1709738969802856,251.735,20742.723,2.08,0.0,0.0
2258,2018-08-31,1.1664663553237915,251.735,20742.723,2.08,0.0,0.0
2259,2018-09-03,1.1601063013076782,251.735,20742.723,2.07,0.0,0.0
2260,2018-09-04,1.161548137664795,251.735,20742.723,2.08,0.0,0.0
2261,2018-09-05,1.1586545705795288,251.735,20742.723,2.08,0.0,0.0
2262,2018-09-06,1.1635212898254395,251.735,20742.723,2.09,0.0,0.0
2263,2018-09-07,1.1620069742202759,251.735,20742.723,2.09,0.0,0.0
2264,2018-09-10,1.1561094522476196,251.735,20742.723,2.11,0.0,0.0
2265,2018-09-11,1.159595012664795,251.735,20742.723,2.11,0.0,0.0
2266,2018-09-12,1.1596084833145142,251.735,20742.723,2.12,0.0,0.0
2267,2018-09-13,1.1629259586334229,251.735,20742.723,2.1,0.0,0.0
2268,2018-09-14,1.1691803932189941,251.735,20742.723,2.08,0.0,0.0
2269,2018-09-17,1.1628988981246948,252.183,20742.723,2.08,0.0,0.0
2270,2018-09-18,1.1669156551361084,252.183,20742.723,2.1,0.0,0.0
2271,2018-09-19,1.167992353439331,252.183,20742.723,2.09,0.0,0.0
2272,2018-09-20,1.167460560798645,252.183,20742.723,2.08,0.0,0.0
2273,2018-09-21,1.1775927543640137,252.183,20742.723,2.1,0.0,0.0
2274,2018-09-24,1.1751019954681396,252.183,20742.723,2.1,0.0,0.0
2275,2018-09-25,1.175295352935791,252.183,20742.723,2.12,0.0,0.0
2276,2018-09-26,1.1763184070587158,252.183,20742.723,2.12,0.0,0.0
2277,2018-09-27,1.1748534440994263,252.183,20742.723,2.1,0.0,0.0
2278,2018-09-28,1.1637378931045532,252.183,20742.723,2.1,0.0,0.0
2279,2018-10-01,1.1605371236801147,252.183,20742.723,2.1,0.0,0.0
2280,2018-10-02,1.157755732536316,252.183,20742.723,2.13,0.0,0.0
2281,2018-10-03,1.1551746129989624,252.183,20742.723,2.15,0.0,0.0
2282,2018-10-04,1.147631287574768,252.183,20742.723,2.15,0.0,0.0
2283,2018-10-05,1.1518083810806274,252.183,20742.723,2.15,0.0,0.0
2284,2018-10-08,1.1522595882415771,252.183,20742.723,2.16,0.0,0.0
2285,2018-10-09,1.1494120359420776,252.183,20742.723,2.16,0.0,0.0
2286,2018-10-10,1.1506949663162231,252.183,20742.723,2.14,0.0,0.0
2287,2018-10-11,1.1533360481262207,252.183,20742.723,2.15,0.0,0.0
2288,2018-10-12,1.1590440273284912,252.183,20742.723,2.14,0.0,0.0
2289,2018-10-15,1.1551345586776733,252.899,20909.853,2.14,0.0,0.0
2290,2018-10-16,1.1583458185195923,252.899,20909.853,2.12,0.0,0.0
2291,2018-10-17,1.1575279235839844,252.899,20909.853,2.16,0.0,0.0
2292,2018-10-18,1.1500862836837769,252.899,20909.853,2.16,0.0,0.0
2293,2018-10-19,1.1460003852844238,252.899,20909.853,2.16,0.0,0.0
2294,2018-10-22,1.1509466171264648,252.899,20909.853,2.16,0.0,0.0
2295,2018-10-23,1.1467890739440918,252.899,20909.853,2.17,0.0,0.0
2296,2018-10-24,1.147315263748169,252.899,20909.853,2.16,0.0,0.0
2297,2018-10-25,1.1399258375167847,252.899,20909.853,2.12,0.0,0.0
2298,2018-10-26,1.1377859115600586,252.899,20909.853,2.12,0.0,0.0
2299,2018-10-29,1.1398738622665405,252.899,20909.853,2.13,0.0,0.0
2300,2018-10-30,1.137617588043213,252.899,20909.853,2.13,0.0,0.0
2301,2018-10-31,1.1346358060836792,252.899,20909.853,2.13,0.0,0.0
2302,2018-11-01,1.1316697597503662,252.899,20909.853,2.1,0.0,0.0
2303,2018-11-02,1.1403288841247559,252.899,20909.853,2.11,0.0,0.0
2304,2018-11-05,1.1397570371627808,252.899,20909.853,2.11,0.0,0.0
2305,2018-11-06,1.141291856765747,252.899,20909.853,2.09,0.0,0.0
2306,2018-11-07,1.1438506841659546,252.899,20909.853,2.07,0.0,0.0
2307,2018-11-08,1.1434059143066406,252.899,20909.853,2.05,0.0,0.0
2308,2018-11-09,1.1368415355682373,252.899,20909.853,2.06,0.0,0.0
2309,2018-11-12,1.132502794265747,252.899,20909.853,2.06,0.0,0.0
2310,2018-11-13,1.1233429908752441,252.899,20909.853,2.05,0.0,0.0
2311,2018-11-14,1.1311193704605103,252.899,20909.853,2.05,0.0,0.0
2312,2018-11-15,1.131183385848999,252.822,20909.853,2.02,0.0,0.0
2313,2018-11-16,1.1324899196624756,252.822,20909.853,2.06,0.0,0.0
2314,2018-11-19,1.141396164894104,252.822,20909.853,2.06,0.0,0.0
2315,2018-11-20,1.1455016136169434,252.822,20909.853,2.07,0.0,0.0
2316,2018-11-21,1.1372424364089966,252.822,20909.853,2.07,0.0,0.0
2317,2018-11-22,1.1388354301452637,252.822,20909.853,2.07,0.0,0.0
2318,2018-11-23,1.1403158903121948,252.822,20909.853,2.04,0.0,0.0
2319,2018-11-26,1.1337354183197021,252.822,20909.853,2.04,0.0,0.0
2320,2018-11-27,1.1333370208740234,252.822,20909.853,2.02,0.0,0.0
2321,2018-11-28,1.1298797130584717,252.822,20909.853,2.0,0.0,0.0
2322,2018-11-29,1.1368545293807983,252.822,20909.853,2.0,0.0,0.0
2323,2018-11-30,1.1392766237258911,252.822,20909.853,2.02,0.0,0.0
2324,2018-12-03,1.1342240571975708,252.822,20909.853,1.99,0.0,0.0
2325,2018-12-04,1.135486125946045,252.822,20909.853,1.97,0.0,0.0
2326,2018-12-05,1.1342884302139282,252.822,20909.853,1.97,0.0,0.0
2327,2018-12-06,1.13490629196167,252.822,20909.853,1.97,0.0,0.0
2328,2018-12-07,1.1374752521514893,252.822,20909.853,1.96,0.0,0.0
2329,2018-12-10,1.1400948762893677,252.822,20909.853,1.96,0.0,0.0
2330,2018-12-11,1.1356538534164429,252.822,20909.853,1.91,0.0,0.0
2331,2018-12-12,1.1323105096817017,252.822,20909.853,1.94,0.0,0.0
2332,2018-12-13,1.1373459100723267,252.822,20909.853,1.98,0.0,0.0
2333,2018-12-14,1.1363636255264282,252.822,20909.853,1.97,0.0,0.0
2334,2018-12-17,1.1305949687957764,252.493,20909.853,1.96,0.0,0.0
2335,2018-12-18,1.1349835395812988,252.493,20909.853,1.94,0.0,0.0
2336,2018-12-19,1.1375399827957153,252.493,20909.853,1.94,0.0,0.0
2337,2018-12-20,1.1389521360397339,252.493,20909.853,1.9,0.0,0.0
2338,2018-12-21,1.1456853151321411,252.493,20909.853,1.89,0.0,0.0
2339,2018-12-24,1.1372811794281006,252.493,20909.853,1.86,0.0,0.0
2340,2018-12-25,1.140393853187561,252.493,20909.853,1.83,0.0,0.0
2341,2018-12-26,1.1415525674819946,252.493,20909.853,1.83,0.0,0.0
2342,2018-12-27,1.1361312866210938,252.493,20909.853,1.83,0.0,0.0
2343,2018-12-28,1.143105387687683,252.493,20909.853,1.82,0.0,0.0
2344,2018-12-31,1.1439945697784424,252.493,20909.853,1.81,0.0,0.0
2345,2019-01-01,1.1493064165115356,252.493,20909.853,1.81,0.0,0.0
2346,2019-01-02,1.14617121219635,252.493,20909.853,1.8,0.0,0.0
2347,2019-01-03,1.1318106651306152,252.493,20909.853,1.76,0.0,0.0
2348,2019-01-04,1.1391078233718872,252.493,20909.853,1.77,0.0,0.0
2349,2019-01-07,1.1410444974899292,252.493,20909.853,1.75,0.0,0.0
2350,2019-01-08,1.1479737758636475,252.493,20909.853,1.75,0.0,0.0
2351,2019-01-09,1.1456066370010376,252.493,20909.853,1.77,0.0,0.0
2352,2019-01-10,1.1554949283599854,252.493,20909.853,1.74,0.0,0.0
2353,2019-01-11,1.151012897491455,252.493,20909.853,1.73,0.0,0.0
2354,2019-01-14,1.146013617515564,252.493,20909.853,1.71,0.0,0.0
2355,2019-01-15,1.1472889184951782,252.441,21115.309,1.71,0.0,0.0
2356,2019-01-16,1.1416828632354736,252.441,21115.309,1.7,0.0,0.0
2357,2019-01-17,1.1398088932037354,252.441,21115.309,1.68,0.0,0.0
2358,2019-01-18,1.13926362991333,252.441,21115.309,1.76,0.0,0.0
2359,2019-01-21,1.1365574598312378,252.441,21115.309,1.78,0.0,0.0
2360,2019-01-22,1.136932134628296,252.441,21115.309,1.82,0.0,0.0
2361,2019-01-23,1.1364023685455322,252.441,21115.309,1.83,0.0,0.0
2362,2019-01-24,1.1388224363327026,252.441,21115.309,1.81,0.0,0.0
2363,2019-01-25,1.1313496828079224,252.441,21115.309,1.83,0.0,0.0
2364,2019-01-28,1.1413049697875977,252.441,21115.309,1.81,0.0,0.0
2365,2019-01-29,1.143000841140747,252.441,21115.309,1.81,0.0,0.0
2366,2019-01-30,1.1435366868972778,252.441,21115.309,1.82,0.0,0.0
2367,2019-01-31,1.1487650871276855,252.441,21115.309,1.79,0.0,0.0
2368,2019-02-01,1.1449507474899292,252.441,21115.309,1.83,0.0,0.0
2369,2019-02-04,1.1455278396606445,252.441,21115.309,1.83,0.0,0.0
2370,2019-02-05,1.1436283588409424,252.441,21115.309,1.79,0.0,0.0
2371,2019-02-06,1.140992522239685,252.441,21115.309,1.8,0.0,0.0
2372,2019-02-07,1.1365960836410522,252.441,21115.309,1.77,0.0,0.0
2373,2019-02-08,1.1338768005371094,252.441,21115.309,1.79,0.0,0.0
2374,2019-02-11,1.1324259042739868,252.441,21115.309,1.78,0.0,0.0
2375,2019-02-12,1.1279042959213257,252.441,21115.309,1.78,0.0,0.0
2376,2019-02-13,1.1334655284881592,252.441,21115.309,1.84,0.0,0.0
2377,2019-02-14,1.12649405002594,252.441,21115.309,1.85,0.0,0.0
2378,2019-02-15,1.1295350790023804,252.969,21115.309,1.88,0.0,0.0
2379,2019-02-18,1.1298030614852905,252.969,21115.309,1.87,0.0,0.0
2380,2019-02-19,1.131196141242981,252.969,21115.309,1.87,0.0,0.0
2381,2019-02-20,1.1343011856079102,252.969,21115.309,1.86,0.0,0.0
2382,2019-02-21,1.1346358060836792,252.969,21115.309,1.84,0.0,0.0
2383,2019-02-22,1.1343011856079102,252.969,21115.309,1.82,0.0,0.0
2384,2019-02-25,1.1342240571975708,252.969,21115.309,1.82,0.0,0.0
2385,2019-02-26,1.1367511749267578,252.969,21115.309,1.83,0.0,0.0
2386,2019-02-27,1.1393154859542847,252.969,21115.309,1.86,0.0,0.0
2387,2019-02-28,1.1380189657211304,252.969,21115.309,1.85,0.0,0.0
2388,2019-03-01,1.1373459100723267,252.969,21115.309,1.86,0.0,0.0
2389,2019-03-04,1.1375917196273804,252.969,21115.309,1.86,0.0,0.0
2390,2019-03-05,1.1337354183197021,252.969,21115.309,1.87,0.0,0.0
2391,2019-03-06,1.1307101249694824,252.969,21115.309,1.89,0.0,0.0
2392,2019-03-07,1.1314009428024292,252.969,21115.309,1.91,0.0,0.0
2393,2019-03-08,1.1198333501815796,252.969,21115.309,1.91,0.0,0.0
2394,2019-03-11,1.1232421398162842,252.969,21115.309,1.92,0.0,0.0
2395,2019-03-12,1.1259232759475708,252.969,21115.309,1.92,0.0,0.0
2396,2019-03-13,1.1287446022033691,252.969,21115.309,1.93,0.0,0.0
2397,2019-03-14,1.133105993270874,252.969,21115.309,1.95,0.0,0.0
2398,2019-03-15,1.1308379173278809,254.147,21115.309,1.96,0.0,0.0
2399,2019-03-18,1.1319772005081177,254.147,21115.309,1.94,0.0,0.0
2400,2019-03-19,1.133619785308838,254.147,21115.309,1.93,0.0,0.0
2401,2019-03-20,1.135486125946045,254.147,21115.309,1.91,0.0,0.0
2402,2019-03-21,1.1427918672561646,254.147,21115.309,1.9,0.0,0.0
2403,2019-03-22,1.1375011205673218,254.147,21115.309,1.9,0.0,0.0
2404,2019-03-25,1.129586100578308,254.147,21115.309,1.91,0.0,0.0
2405,2019-03-26,1.131580114364624,254.147,21115.309,1.9,0.0,0.0
2406,2019-03-27,1.127484679222107,254.147,21115.309,1.92,0.0,0.0
2407,2019-03-28,1.1251758337020874,254.147,21115.309,1.94,0.0,0.0
2408,2019-03-29,1.1230024099349976,254.147,21115.309,1.94,0.0,0.0
2409,2019-04-01,1.1223849058151245,254.147,21115.309,1.96,0.0,0.0
2410,2019-04-02,1.1205737590789795,254.147,21115.309,1.95,0.0,0.0
2411,2019-04-03,1.1203854084014893,254.147,21115.309,1.96,0.0,0.0
2412,2019-04-04,1.1246949434280396,254.147,21115.309,1.96,0.0,0.0
2413,2019-04-05,1.1225864887237549,254.147,21115.309,1.9,0.0,0.0
2414,2019-04-08,1.121956706047058,254.147,21115.309,1.88,0.0,0.0
2415,2019-04-09,1.1256444454193115,254.147,21115.309,1.86,0.0,0.0
2416,2019-04-10,1.126697063446045,254.147,21115.309,1.84,0.0,0.0
2417,2019-04-11,1.1276500225067139,254.147,21115.309,1.83,0.0,0.0
2418,2019-04-12,1.1260753870010376,254.147,21115.309,1.88,0.0,0.0
2419,2019-04-15,1.1305055618286133,255.326,21329.877,1.9,0.0,0.0
2420,2019-04-16,1.1304928064346313,255.326,21329.877,1.9,0.0,0.0
2421,2019-04-17,1.128502607345581,255.326,21329.877,1.91,0.0,0.0
2422,2019-04-18,1.129713773727417,255.326,21329.877,1.9,0.0,0.0
2423,2019-04-19,1.1235954761505127,255.326,21329.877,1.9,0.0,0.0
2424,2019-04-22,1.1244546175003052,255.326,21329.877,1.91,0.0,0.0
2425,2019-04-23,1.1258978843688965,255.326,21329.877,1.91,0.0,0.0
2426,2019-04-24,1.122435212135315,255.326,21329.877,1.94,0.0,0.0
2427,2019-04-25,1.1153494119644165,255.326,21329.877,1.94,0.0,0.0
2428,2019-04-26,1.113684892654419,255.326,21329.877,1.95,0.0,0.0
2429,2019-04-29,1.1150261163711548,255.326,21329.877,1.94,0.0,0.0
2430,2019-04-30,1.1185182332992554,255.326,21329.877,1.96,0.0,0.0
2431,2019-05-01,1.121604323387146,255.326,21329.877,1.94,0.0,0.0
2432,2019-05-02,1.1200841665267944,255.326,21329.877,1.95,0.0,0.0
2433,2019-05-03,1.1173559427261353,255.326,21329.877,1.95,0.0,0.0
2434,2019-05-06,1.1185808181762695,255.326,21329.877,1.95,0.0,0.0
2435,2019-05-07,1.1201846599578857,255.326,21329.877,1.95,0.0,0.0
2436,2019-05-08,1.1191065311431885,255.326,21329.877,1.96,0.0,0.0
2437,2019-05-09,1.1198333501815796,255.326,21329.877,1.98,0.0,0.0
2438,2019-05-10,1.1222084760665894,255.326,21329.877,1.97,0.0,0.0
2439,2019-05-13,1.1236460208892822,255.326,21329.877,1.96,0.0,0.0
2440,2019-05-14,1.1232547760009766,255.326,21329.877,1.95,0.0,0.0
2441,2019-05-15,1.1204482316970825,255.371,21329.877,1.93,0.0,0.0
2442,2019-05-16,1.1207244396209717,255.371,21329.877,1.89,0.0,0.0
2443,2019-05-17,1.1173559427261353,255.371,21329.877,1.91,0.0,0.0
2444,2019-05-20,1.1165324449539185,255.371,21329.877,1.91,0.0,0.0
2445,2019-05-21,1.1168566942214966,255.371,21329.877,1.87,0.0,0.0
2446,2019-05-22,1.1162025928497314,255.371,21329.877,1.87,0.0,0.0
2447,2019-05-23,1.1155484914779663,255.371,21329.877,1.85,0.0,0.0
2448,2019-05-24,1.1184556484222412,255.371,21329.877,1.88,0.0,0.0
2449,2019-05-27,1.1209630966186523,255.371,21329.877,1.85,0.0,0.0
2450,2019-05-28,1.1193821430206299,255.371,21329.877,1.86,0.0,0.0
2451,2019-05-29,1.1170687675476074,255.371,21329.877,1.83,0.0,0.0
2452,2019-05-30,1.1137346029281616,255.371,21329.877,1.84,0.0,0.0
2453,2019-05-31,1.1131147146224976,255.371,21329.877,1.81,0.0,0.0
2454,2019-06-03,1.1174057722091675,255.371,21329.877,1.81,0.0,0.0
2455,2019-06-04,1.124631643295288,255.371,21329.877,1.83,0.0,0.0
2456,2019-06-05,1.1254037618637085,255.371,21329.877,1.79,0.0,0.0
2457,2019-06-06,1.1229015588760376,255.371,21329.877,1.73,0.0,0.0
2458,2019-06-07,1.1276500225067139,255.371,21329.877,1.76,0.0,0.0
2459,2019-06-10,1.1320157051086426,255.371,21329.877,1.76,0.0,0.0
2460,2019-06-11,1.1318106651306152,255.371,21329.877,1.73,0.0,0.0
2461,2019-06-12,1.1329518556594849,255.371,21329.877,1.75,0.0,0.0
2462,2019-06-13,1.1295605897903442,255.371,21329.877,1.74,0.0,0.0
2463,2019-06-14,1.1280443668365479,255.371,21329.877,1.74,0.0,0.0
2464,2019-06-17,1.1217050552368164,255.423,21329.877,1.73,0.0,0.0
2465,2019-06-18,1.1224603652954102,255.423,21329.877,1.74,0.0,0.0
2466,2019-06-19,1.1198208332061768,255.423,21329.877,1.75,0.0,0.0
2467,2019-06-20,1.1238480806350708,255.423,21329.877,1.73,0.0,0.0
2468,2019-06-21,1.1295605897903442,255.423,21329.877,1.74,0.0,0.0
2469,2019-06-24,1.1384724378585815,255.423,21329.877,1.73,0.0,0.0
2470,2019-06-25,1.140029788017273,255.423,21329.877,1.72,0.0,0.0
2471,2019-06-26,1.1369967460632324,255.423,21329.877,1.71,0.0,0.0
2472,2019-06-27,1.1374752521514893,255.423,21329.877,1.68,0.0,0.0
2473,2019-06-28,1.1372941732406616,255.423,21329.877,1.63,0.0,0.0
2474,2019-07-01,1.1364928483963013,255.423,21329.877,1.61,0.0,0.0
2475,2019-07-02,1.1287446022033691,255.423,21329.877,1.64,0.0,0.0
2476,2019-07-03,1.1293054819107056,255.423,21329.877,1.67,0.0,0.0
2477,2019-07-04,1.1287955045700073,255.423,21329.877,1.74,0.0,0.0
2478,2019-07-05,1.128579020500183,255.423,21329.877,1.73,0.0,0.0
2479,2019-07-08,1.1227376461029053,255.423,21329.877,1.71,0.0,0.0
2480,2019-07-09,1.121604323387146,255.423,21329.877,1.67,0.0,0.0
2481,2019-07-10,1.120824933052063,255.423,21329.877,1.7,0.0,0.0
2482,2019-07-11,1.125885248184204,255.423,21329.877,1.68,0.0,0.0
2483,2019-07-12,1.1252391338348389,255.423,21329.877,1.69,0.0,0.0
2484,2019-07-15,1.1272051334381104,255.925,21540.325,1.69,0.0,0.0
2485,2019-07-16,1.1261768341064453,255.925,21540.325,1.65,0.0,0.0
2486,2019-07-17,1.1212271451950073,255.925,21540.325,1.65,0.0,0.0
2487,2019-07-18,1.12296462059021,255.925,21540.325,1.65,0.0,0.0
2488,2019-07-19,1.1261515617370605,255.925,21540.325,1.69,0.0,0.0
2489,2019-07-22,1.1218308210372925,255.925,21540.325,1.7,0.0,0.0
2490,2019-07-23,1.1206114292144775,255.925,21540.325,1.71,0.0,0.0
2491,2019-07-24,1.1151255369186401,255.925,21540.325,1.74,0.0,0.0
2492,2019-07-25,1.1142433881759644,255.925,21540.325,1.77,0.0,0.0
2493,2019-07-26,1.1146159172058105,255.925,21540.325,1.77,0.0,0.0
2494,2019-07-29,1.1132138967514038,255.925,21540.325,1.77,0.0,0.0
2495,2019-07-30,1.1143054962158203,255.925,21540.325,1.8,0.0,0.0
2496,2019-07-31,1.1157974004745483,255.925,21540.325,1.75,0.0,0.0
2497,2019-08-01,1.1071745157241821,255.925,21540.325,1.79,0.0,0.0
2498,2019-08-02,1.1078859567642212,255.925,21540.325,1.8,0.0,0.0
2499,2019-08-05,1.1108025312423706,255.925,21540.325,1.79,0.0,0.0
2500,2019-08-06,1.1243788003921509,255.925,21540.325,1.81,0.0,0.0
2501,2019-08-07,1.1206992864608765,255.925,21540.325,1.79,0.0,0.0
2502,2019-08-08,1.1204355955123901,255.925,21540.325,1.8,0.0,0.0
2503,2019-08-09,1.1187183856964111,255.925,21540.325,1.78,0.0,0.0
2504,2019-08-12,1.1208499670028687,255.925,21540.325,1.77,0.0,0.0
2505,2019-08-13,1.1218308210372925,255.925,21540.325,1.78,0.0,0.0
2506,2019-08-14,1.1177055835723877,255.925,21540.325,1.76,0.0,0.0
2507,2019-08-15,1.1143302917480469,256.118,21540.325,1.7,0.0,0.0
2508,2019-08-16,1.1113580465316772,256.118,21540.325,1.66,0.0,0.0
2509,2019-08-19,1.109385371208191,256.118,21540.325,1.6,0.0,0.0
2510,2019-08-20,1.1083157062530518,256.118,21540.325,1.62,0.0,0.0
2511,2019-08-21,1.1097793579101562,256.118,21540.325,1.62,0.0,0.0
2512,2019-08-22,1.10907781124115,256.118,21540.325,1.65,0.0,0.0
2513,2019-08-23,1.1084016561508179,256.118,21540.325,1.66,0.0,0.0
2514,2019-08-26,1.1143054962158203,256.118,21540.325,1.61,0.0,0.0
2515,2019-08-27,1.1103708744049072,256.118,21540.325,1.63,0.0,0.0
2516,2019-08-28,1.109004020690918,256.118,21540.325,1.57,0.0,0.0
2517,2019-08-29,1.1085859537124634,256.118,21540.325,1.54,0.0,0.0
2518,2019-08-30,1.1061947345733643,256.118,21540.325,1.54,0.0,0.0
2519,2019-09-02,1.0991789102554321,256.118,21540.325,1.56,0.0,0.0
2520,2019-09-03,1.0968520641326904,256.118,21540.325,1.53,0.0,0.0
2521,2019-09-04,1.0974539518356323,256.118,21540.325,1.54,0.0,0.0
2522,2019-09-05,1.10349702835083,256.118,21540.325,1.55,0.0,0.0
2523,2019-09-06,1.1036310195922852,256.118,21540.325,1.54,0.0,0.0
2524,2019-09-09,1.1020619869232178,256.118,21540.325,1.54,0.0,0.0
2525,2019-09-10,1.1048381328582764,256.118,21540.325,1.55,0.0,0.0
2526,2019-09-11,1.1050333976745605,256.118,21540.325,1.55,0.0,0.0
2527,2019-09-12,1.1013457775115967,256.118,21540.325,1.59,0.0,0.0
2528,2019-09-13,1.1058276891708374,256.118,21540.325,1.55,0.0,0.0
2529,2019-09-16,1.1083402633666992,256.532,21540.325,1.55,0.0,0.0
2530,2019-09-17,1.100594401359558,256.532,21540.325,1.5,0.0,0.0
2531,2019-09-18,1.1074687242507935,256.532,21540.325,1.51,0.0,0.0
2532,2019-09-19,1.1031439304351807,256.532,21540.325,1.56,0.0,0.0
2533,2019-09-20,1.1048502922058105,256.532,21540.325,1.54,0.0,0.0
2534,2019-09-23,1.1019041538238525,256.532,21540.325,1.57,0.0,0.0
2535,2019-09-24,1.0993722677230835,256.532,21540.325,1.6,0.0,0.0
2536,2019-09-25,1.1016855239868164,256.532,21540.325,1.6,0.0,0.0
2537,2019-09-26,1.0952903032302856,256.532,21540.325,1.63,0.0,0.0
2538,2019-09-27,1.0922753810882568,256.532,21540.325,1.67,0.0,0.0
2539,2019-09-30,1.0942714214324951,256.532,21540.325,1.67,0.0,0.0
2540,2019-10-01,1.0899657011032104,256.532,21540.325,1.66,0.0,0.0
2541,2019-10-02,1.0934937000274658,256.532,21540.325,1.59,0.0,0.0
2542,2019-10-03,1.0963709354400635,256.532,21540.325,1.61,0.0,0.0
2543,2019-10-04,1.0975382328033447,256.532,21540.325,1.61,0.0,0.0
2544,2019-10-07,1.098659634590149,256.532,21540.325,1.61,0.0,0.0
2545,2019-10-08,1.0972130298614502,256.532,21540.325,1.58,0.0,0.0
2546,2019-10-09,1.0960105657577515,256.532,21540.325,1.6,0.0,0.0
2547,2019-10-10,1.0987803936004639,256.532,21540.325,1.57,0.0,0.0
2548,2019-10-11,1.1011033058166504,256.532,21540.325,1.53,0.0,0.0
2549,2019-10-14,1.1030004024505615,256.532,21540.325,1.53,0.0,0.0
2550,2019-10-15,1.1029006242752075,257.387,21747.394,1.52,0.0,0.0
2551,2019-10-16,1.1034727096557617,257.387,21747.394,1.5,0.0,0.0
2552,2019-10-17,1.107493281364441,257.387,21747.394,1.48,0.0,0.0
2553,2019-10-18,1.1127183437347412,257.387,21747.394,1.5,0.0,0.0
2554,2019-10-21,1.1155734062194824,257.387,21747.394,1.51,0.0,0.0
2555,2019-10-22,1.1151753664016724,257.387,21747.394,1.48,0.0,0.0
2556,2019-10-23,1.112928867340088,257.387,21747.394,1.49,0.0,0.0
2557,2019-10-24,1.1132385730743408,257.387,21747.394,1.52,0.0,0.0
2558,2019-10-25,1.1103955507278442,257.387,21747.394,1.56,0.0,0.0
2559,2019-10-28,1.1084262132644653,257.387,21747.394,1.56,0.0,0.0
2560,2019-10-29,1.1099148988723755,257.387,21747.394,1.56,0.0,0.0
2561,2019-10-30,1.1114816665649414,257.387,21747.394,1.57,0.0,0.0
2562,2019-10-31,1.1154489517211914,257.387,21747.394,1.59,0.0,0.0
2563,2019-11-01,1.1157102584838867,257.387,21747.394,1.6,0.0,0.0
2564,2019-11-04,1.1166571378707886,257.387,21747.394,1.61,0.0,0.0
2565,2019-11-05,1.1128545999526978,257.387,21747.394,1.61,0.0,0.0
2566,2019-11-06,1.107419729232788,257.387,21747.394,1.61,0.0,0.0
2567,2019-11-07,1.1070396900177002,257.387,21747.394,1.62,0.0,0.0
2568,2019-11-08,1.1019697189331055,257.387,21747.394,1.65,0.0,0.0
2569,2019-11-11,1.102244257926941,257.387,21747.394,1.64,0.0,0.0
2570,2019-11-12,1.1035456657409668,257.387,21747.394,1.61,0.0,0.0
2571,2019-11-13,1.1012367010116577,257.387,21747.394,1.57,0.0,0.0
2572,2019-11-14,1.1013215780258179,257.387,21747.394,1.54,0.0,0.0
2573,2019-11-15,1.1020498275756836,257.98900000000003,21747.394,1.59,0.0,0.0
2574,2019-11-18,1.105509877204895,257.98900000000003,21747.394,1.64,0.0,0.0
2575,2019-11-19,1.1072357892990112,257.98900000000003,21747.394,1.68,0.0,0.0
2576,2019-11-20,1.1080001592636108,257.98900000000003,21747.394,1.66,0.0,0.0
2577,2019-11-21,1.1078859567642212,257.98900000000003,21747.394,1.69,0.0,0.0
2578,2019-11-22,1.1065863370895386,257.98900000000003,21747.394,1.71,0.0,0.0
2579,2019-11-25,1.1022562980651855,257.98900000000003,21747.394,1.71,0.0,0.0
2580,2019-11-26,1.1014429330825806,257.98900000000003,21747.394,1.7,0.0,0.0
2581,2019-11-27,1.1022562980651855,257.98900000000003,21747.394,1.66,0.0,0.0
2582,2019-11-28,1.1004853248596191,257.98900000000003,21747.394,1.62,0.0,0.0
2583,2019-11-29,1.101176142692566,257.98900000000003,21747.394,1.63,0.0,0.0
2584,2019-12-02,1.1019041538238525,257.98900000000003,21747.394,1.63,0.0,0.0
2585,2019-12-03,1.1079105138778687,257.98900000000003,21747.394,1.63,0.0,0.0
2586,2019-12-04,1.1085245609283447,257.98900000000003,21747.394,1.6,0.0,0.0
2587,2019-12-05,1.108303427696228,257.98900000000003,21747.394,1.63,0.0,0.0
2588,2019-12-06,1.1105434894561768,257.98900000000003,21747.394,1.62,0.0,0.0
2589,2019-12-09,1.105888843536377,257.98900000000003,21747.394,1.62,0.0,0.0
2590,2019-12-10,1.106499433517456,257.98900000000003,21747.394,1.62,0.0,0.0
2591,2019-12-11,1.1092746257781982,257.98900000000003,21747.394,1.63,0.0,0.0
2592,2019-12-12,1.1135857105255127,257.98900000000003,21747.394,1.63,0.0,0.0
2593,2019-12-13,1.1186057329177856,257.98900000000003,21747.394,1.61,0.0,0.0
2594,2019-12-16,1.1124460697174072,258.203,21747.394,1.65,0.0,0.0
2595,2019-12-17,1.1136974096298218,258.203,21747.394,1.63,0.0,0.0
2596,2019-12-18,1.115138053894043,258.203,21747.394,1.66,0.0,0.0
2597,2019-12-19,1.1115927696228027,258.203,21747.394,1.67,0.0,0.0
2598,2019-12-20,1.1125946044921875,258.203,21747.394,1.69,0.0,0.0
2599,2019-12-23,1.1079840660095215,258.203,21747.394,1.69,0.0,0.0
2600,2019-12-24,1.109385371208191,258.203,21747.394,1.71,0.0,0.0
2601,2019-12-25,1.1090162992477417,258.203,21747.394,1.69,0.0,0.0
2602,2019-12-26,1.1095454692840576,258.203,21747.394,1.72,0.0,0.0
2603,2019-12-27,1.110111951828003,258.203,21747.394,1.7,0.0,0.0
2604,2019-12-30,1.1182304620742798,258.203,21747.394,1.73,0.0,0.0
2605,2019-12-31,1.120229721069336,258.203,21747.394,1.75,0.0,0.0
2606,2020-01-01,1.1220825910568237,258.203,21747.394,1.76,0.0,0.0
2607,2020-01-02,1.1220825910568237,258.203,21747.394,1.77,0.0,0.0
2608,2020-01-03,1.1171437501907349,258.203,21747.394,1.77,0.0,0.0
2609,2020-01-06,1.1161960363388062,258.203,21747.394,1.75,0.0,0.0
2610,2020-01-07,1.1197994947433472,258.203,21747.394,1.75,0.0,0.0
2611,2020-01-08,1.1154738664627075,258.203,21747.394,1.75,0.0,0.0
2612,2020-01-09,1.1113210916519165,258.203,21747.394,1.74,0.0,0.0
2613,2020-01-10,1.1111111640930176,258.203,21747.394,1.73,0.0,0.0
2614,2020-01-13,1.1116669178009033,258.203,21747.394,1.75,0.0,0.0
2615,2020-01-14,1.1135733127593994,258.203,21747.394,1.77,0.0,0.0
2616,2020-01-15,1.113089919090271,258.687,21561.139,1.77,0.0,0.0
2617,2020-01-16,1.1154004335403442,258.687,21561.139,1.8,0.0,0.0
2618,2020-01-17,1.1139578819274902,258.687,21561.139,1.77,0.0,0.0
2619,2020-01-20,1.1094592809677124,258.687,21561.139,1.75,0.0,0.0
2620,2020-01-21,1.109693169593811,258.687,21561.139,1.74,0.0,0.0
2621,2020-01-22,1.108561396598816,258.687,21561.139,1.75,0.0,0.0
2622,2020-01-23,1.1096439361572266,258.687,21561.139,1.74,0.0,0.0
2623,2020-01-24,1.1055220365524292,258.687,21561.139,1.76,0.0,0.0
2624,2020-01-27,1.1025358438491821,258.687,21561.139,1.77,0.0,0.0
2625,2020-01-28,1.101976990699768,258.687,21561.139,1.77,0.0,0.0
2626,2020-01-29,1.1022562980651855,258.687,21561.139,1.75,0.0,0.0
2627,2020-01-30,1.1016855239868164,258.687,21561.139,1.74,0.0,0.0
2628,2020-01-31,1.1029127836227417,258.687,21561.139,1.75,0.0,0.0
2629,2020-02-03,1.1089794635772705,258.687,21561.139,1.75,0.0,0.0
2630,2020-02-04,1.1062926054000854,258.687,21561.139,1.74,0.0,0.0
2631,2020-02-05,1.1047282218933105,258.687,21561.139,1.72,0.0,0.0
2632,2020-02-06,1.1002310514450073,258.687,21561.139,1.7,0.0,0.0
2633,2020-02-07,1.0982975959777832,258.687,21561.139,1.68,1.0,2.0
2634,2020-02-10,1.0949305295944214,258.687,21561.139,1.63,0.0,1.0
2635,2020-02-11,1.0913456678390503,258.687,21561.139,1.65,1.0,4.0
2636,2020-02-12,1.091941475868225,258.687,21561.139,1.64,1.0,2.0
2637,2020-02-13,1.0875948667526245,258.687,21561.139,1.64,0.0,0.0
2638,2020-02-14,1.0845986604690552,258.687,21561.139,1.65,4.0,7.0
2639,2020-02-17,1.0841753482818604,258.824,21561.139,1.63,3.0,8.0
2640,2020-02-18,1.0840108394622803,258.824,21561.139,1.64,0.0,1.0
2641,2020-02-19,1.079540491104126,258.824,21561.139,1.66,1.0,1.0
2642,2020-02-20,1.081009864807129,258.824,21561.139,1.67,1.0,0.0
2643,2020-02-21,1.078799843788147,258.824,21561.139,1.66,2.0,2.0
2644,2020-02-24,1.0839051008224487,258.824,21561.139,1.66,0.0,0.0
2645,2020-02-25,1.0849199295043945,258.824,21561.139,1.65,1.0,3.0
2646,2020-02-26,1.0881996154785156,258.824,21561.139,1.66,0.0,1.0
2647,2020-02-27,1.0885894298553467,258.824,21561.139,1.67,1.0,1.0
2648,2020-02-28,1.0997228622436523,258.824,21561.139,1.66,0.0,1.0
2649,2020-03-02,1.1051311492919922,258.824,21561.139,1.66,1.0,1.0
2650,2020-03-03,1.1144047975540161,258.824,21561.139,1.65,0.0,0.0
2651,2020-03-04,1.118067979812622,258.824,21561.139,1.65,0.0,1.0
2652,2020-03-05,1.113908290863037,258.824,21561.139,1.63,0.0,2.0
2653,2020-03-06,1.1223849058151245,258.824,21561.139,1.61,3.0,18.0
2654,2020-03-09,1.1386020183563232,258.824,21561.139,1.59,1.0,76.0
2655,2020-03-10,1.1397960186004639,258.824,21561.139,1.53,1.0,108.0
2656,2020-03-11,1.1316505670547485,258.824,21561.139,1.54,0.0,163.0
2657,2020-03-12,1.1261515617370605,258.824,21561.139,1.53,3.0,265.0
2658,2020-03-13,1.1184931993484497,258.824,21561.139,1.41,2.0,303.0
2659,2020-03-16,1.115536093711853,257.98900000000003,21561.139,1.41,26.0,567.0
2660,2020-03-17,1.1163206100463867,257.98900000000003,21561.139,1.45,22.0,688.0
2661,2020-03-18,1.101552128791809,257.98900000000003,21561.139,1.46,36.0,1012.0
2662,2020-03-19,1.0961546897888184,257.98900000000003,21561.139,1.4,81.0,1432.0
2663,2020-03-20,1.0657345056533813,257.98900000000003,21561.139,1.31,68.0,1772.0
2664,2020-03-23,1.0694386959075928,257.98900000000003,21561.139,0.99,92.0,3142.0
2665,2020-03-24,1.0764610767364502,257.98900000000003,21561.139,1.0,191.0,3391.0
2666,2020-03-25,1.080263614654541,257.98900000000003,21561.139,0.96,409.0,5463.0
2667,2020-03-26,1.0889569520950317,257.98900000000003,21561.139,0.92,468.0,3928.0
2668,2020-03-27,1.1048258543014526,257.98900000000003,21561.139,0.9,748.0,11547.0
2669,2020-03-30,1.113908290863037,257.98900000000003,21561.139,0.73,1686.0,10996.0
2670,2020-03-31,1.1030466556549072,257.98900000000003,21561.139,0.63,1949.0,11547.0
2671,2020-04-01,1.102657437324524,257.98900000000003,21561.139,0.63,2893.0,14047.0
2672,2020-04-02,1.0953621864318848,257.98900000000003,21561.139,0.5,4759.0,19377.0
2673,2020-04-03,1.0847399234771729,257.98900000000003,21561.139,0.75,6658.0,20463.0
2674,2020-04-06,1.0806955099105835,257.98900000000003,21561.139,0.8,12026.0,26407.0
2675,2020-04-07,1.0803803205490112,257.98900000000003,21561.139,0.97,11471.0,24405.0
2676,2020-04-08,1.0895144939422607,257.98900000000003,21561.139,1.07,12853.0,31019.0
2677,2020-04-09,1.0863661766052246,257.98900000000003,21561.139,1.07,19053.0,35912.0
2678,2020-04-10,1.0927408933639526,257.98900000000003,21561.139,0.94,19743.0,36027.0
2679,2020-04-13,1.0932666063308716,257.98900000000003,21561.139,0.95,23532.0,32655.0
2680,2020-04-14,1.0922993421554565,257.98900000000003,21561.139,0.87,28016.0,36809.0
2681,2020-04-15,1.098538875579834,256.192,19520.114,0.91,33734.0,37141.0
2682,2020-04-16,1.0905101299285889,256.192,19520.114,1.03,34454.0,36170.0
2683,2020-04-17,1.0858471393585205,256.192,19520.114,1.08,33978.0,37653.0
2684,2020-04-20,1.0866966247558594,256.192,19520.114,1.14,32867.0,27402.0
2685,2020-04-21,1.0864840745925903,256.192,19520.114,1.17,32772.0,23840.0
2686,2020-04-22,1.0856467485427856,256.192,19520.114,1.19,33305.0,34123.0
2687,2020-04-23,1.080964207649231,256.192,19520.114,1.23,38384.0,33364.0
2688,2020-04-24,1.077702283859253,256.192,19520.114,1.23,36880.0,31340.0
2689,2020-04-27,1.08236825466156,256.192,19520.114,1.26,29143.0,25147.0
2690,2020-04-28,1.0824854373931885,256.192,19520.114,1.29,30848.0,37581.0
2691,2020-04-29,1.0836584568023682,256.192,19520.114,1.19,27603.0,31933.0
2692,2020-04-30,1.087725043296814,256.192,19520.114,1.03,33500.0,44097.0
2693,2020-05-01,1.094546914100647,256.192,19520.114,1.01,36365.0,32096.0
2694,2020-05-04,1.0959625244140625,256.192,19520.114,0.94,33006.0,23633.0
2695,2020-05-05,1.0904293060302734,256.192,19520.114,0.96,28756.0,27441.0
2696,2020-05-06,1.0838581323623657,256.192,19520.114,1.06,32719.0,29563.0
2697,2020-05-07,1.0798553228378296,256.192,19520.114,1.05,37058.0,25541.0
2698,2020-05-08,1.0837171077728271,256.192,19520.114,1.11,35795.0,16152.0
2699,2020-05-11,1.0839520692825317,256.192,19520.114,1.17,26666.0,24155.0
2700,2020-05-12,1.080940842628479,256.192,19520.114,1.14,27579.0,24019.0
2701,2020-05-13,1.0846810340881348,256.192,19520.114,1.14,29964.0,21575.0
2702,2020-05-14,1.08236825466156,256.192,19520.114,1.07,32873.0,23091.0
2703,2020-05-15,1.0806955099105835,255.942,19520.114,1.06,38991.0,22860.0
2704,2020-05-18,1.0821340084075928,255.942,19520.114,1.07,27600.0,21062.0
2705,2020-05-19,1.0915124416351318,255.942,19520.114,1.1,27679.0,22599.0
2706,2020-05-20,1.0927767753601074,255.942,19520.114,1.1,28499.0,27077.0
2707,2020-05-21,1.0982975959777832,255.942,19520.114,1.08,31686.0,25133.0
2708,2020-05-22,1.0952903032302856,255.942,19520.114,1.12,30932.0,23415.0
2709,2020-05-25,1.0907801389694214,255.942,19520.114,1.13,22498.0,23821.0
2710,2020-05-26,1.0902997255325317,255.942,19520.114,1.09,26695.0,22078.0
2711,2020-05-27,1.0981770753860474,255.942,19520.114,1.07,24290.0,20474.0
2712,2020-05-28,1.1016855239868164,255.942,19520.114,1.06,31099.0,20156.0
2713,2020-05-29,1.1079105138778687,255.942,19520.114,1.09,29337.0,20327.0
2714,2020-06-01,1.1118524074554443,255.942,19520.114,1.17,26850.0,16899.0
2715,2020-06-02,1.1125946044921875,255.942,19520.114,1.15,26255.0,18922.0
2716,2020-06-03,1.118943691253662,255.942,19520.114,1.16,26712.0,18059.0
2717,2020-06-04,1.1235954761505127,255.942,19520.114,1.14,30897.0,17527.0
2718,2020-06-05,1.1337867975234985,255.942,19520.114,1.12,28987.0,18853.0
2719,2020-06-08,1.1319515705108643,255.942,19520.114,1.12,23428.0,14306.0
2720,2020-06-09,1.1305567026138306,255.942,19520.114,1.13,25598.0,16247.0
2721,2020-06-10,1.1332215070724487,255.942,19520.114,1.14,24297.0,15144.0
2722,2020-06-11,1.1365444660186768,255.942,19520.114,1.18,27978.0,20445.0
2723,2020-06-12,1.1288082599639893,255.942,19520.114,1.15,30037.0,16602.0
2724,2020-06-15,1.1252011060714722,257.282,19520.114,1.18,22500.0,14689.0
2725,2020-06-16,1.1337740421295166,257.282,19520.114,1.18,27641.0,14061.0
2726,2020-06-17,1.1265701055526733,257.282,19520.114,1.21,25809.0,11751.0
2727,2020-06-18,1.1242902278900146,257.282,19520.114,1.22,28414.0,19768.0
2728,2020-06-19,1.1211000680923462,257.282,19520.114,1.27,31872.0,16456.0
2729,2020-06-22,1.1177555322647095,257.282,19520.114,1.28,23033.0,15149.0
2730,2020-06-23,1.1279679536819458,257.282,19520.114,1.26,25302.0,15345.0
2731,2020-06-24,1.1312345266342163,257.282,19520.114,1.27,28684.0,15528.0
2732,2020-06-25,1.1250872611999512,257.282,19520.114,1.21,30651.0,16178.0
2733,2020-06-26,1.1222084760665894,257.282,19520.114,1.21,32937.0,17074.0
2734,2020-06-29,1.1225864887237549,257.282,19520.114,1.23,25044.0,14044.0
2735,2020-06-30,1.1247202157974243,257.282,19520.114,1.27,31145.0,15884.0
2736,2020-07-01,1.1235954761505127,257.282,19520.114,1.26,34984.0,16022.0
2737,2020-07-02,1.1251378059387207,257.282,19520.114,1.28,37260.0,17005.0
2738,2020-07-03,1.1237848997116089,257.282,19520.114,1.3,39948.0,15816.0
2739,2020-07-06,1.1247202157974243,257.282,19520.114,1.34,40048.0,13549.0
2740,2020-07-07,1.1312856674194336,257.282,19520.114,1.38,46943.0,15074.0
2741,2020-07-08,1.1275228261947632,257.282,19520.114,1.33,44289.0,15132.0
2742,2020-07-09,1.1339154243469238,257.282,19520.114,1.33,50419.0,14778.0
2743,2020-07-10,1.1287955045700073,257.282,19520.114,1.32,54375.0,15625.0
2744,2020-07-13,1.1310042142868042,257.282,19520.114,1.34,48870.0,12950.0
2745,2020-07-14,1.134549617767334,257.282,19520.114,1.34,56011.0,12802.0
2746,2020-07-15,1.1410704851150513,258.60400000000004,21170.252,1.37,61736.0,13190.0
2747,2020-07-16,1.1417193412780762,258.60400000000004,21170.252,1.41,67817.0,13533.0
2748,2020-07-17,1.139211654663086,258.60400000000004,21170.252,1.41,62984.0,13950.0
2749,2020-07-20,1.1442956924438477,258.60400000000004,21170.252,1.45,52316.0,13613.0
2750,2020-07-21,1.1458691358566284,258.60400000000004,21170.252,1.43,70871.0,11979.0
2751,2020-07-22,1.15340256690979,258.60400000000004,21170.252,1.42,71376.0,14144.0
2752,2020-07-23,1.1568717956542969,258.60400000000004,21170.252,1.39,74916.0,13622.0
2753,2020-07-24,1.1596084833145142,258.60400000000004,21170.252,1.41,79802.0,14566.0
2754,2020-07-27,1.1652567386627197,258.60400000000004,21170.252,1.42,68429.0,14531.0
2755,2020-07-28,1.1769275665283203,258.60400000000004,21170.252,1.41,79953.0,12813.0
2756,2020-07-29,1.171879529953003,258.60400000000004,21170.252,1.41,80114.0,14433.0
2757,2020-07-30,1.1782865524291992,258.60400000000004,21170.252,1.41,87562.0,15289.0
2758,2020-07-31,1.1872254610061646,258.60400000000004,21170.252,1.46,84847.0,16202.0
2759,2020-08-03,1.1782310009002686,258.60400000000004,21170.252,1.46,72135.0,18002.0
2760,2020-08-04,1.1763322353363037,258.60400000000004,21170.252,1.48,76388.0,14377.0
2761,2020-08-05,1.181544303894043,258.60400000000004,21170.252,1.48,81591.0,15955.0
2762,2020-08-06,1.187281847000122,258.60400000000004,21170.252,1.49,83111.0,17553.0
2763,2020-08-07,1.1876484155654907,258.60400000000004,21170.252,1.51,87040.0,17611.0
2764,2020-08-10,1.1782727241516113,258.60400000000004,21170.252,1.52,66768.0,21619.0
2765,2020-08-11,1.1737778186798096,258.60400000000004,21170.252,1.51,78501.0,15309.0
2766,2020-08-12,1.1736538410186768,258.60400000000004,21170.252,1.53,83222.0,18376.0
2767,2020-08-13,1.179380178451538,258.60400000000004,21170.252,1.52,80826.0,19834.0
2768,2020-08-14,1.1816558837890625,258.60400000000004,21170.252,1.55,83168.0,19769.0
2769,2020-08-17,1.1852554082870483,259.511,21170.252,1.58,54144.0,24974.0
2770,2020-08-18,1.1876484155654907,259.511,21170.252,1.57,70295.0,20538.0
2771,2020-08-19,1.1947859525680542,259.511,21170.252,1.61,66244.0,20348.0
2772,2020-08-20,1.1843500137329102,259.511,21170.252,1.63,71078.0,21947.0
2773,2020-08-21,1.1873664855957031,259.511,21170.252,1.61,71999.0,23706.0
2774,2020-08-24,1.1798018217086792,259.511,21170.252,1.61,57558.0,27638.0
2775,2020-08-25,1.1794538497924805,259.511,21170.252,1.63,59594.0,19712.0
2776,2020-08-26,1.183501958847046,259.511,21170.252,1.67,66740.0,23410.0
2777,2020-08-27,1.1842728853225708,259.511,21170.252,1.67,64505.0,27407.0
2778,2020-08-28,1.1819632053375244,259.511,21170.252,1.65,76606.0,27042.0
2779,2020-08-31,1.1918240785598755,259.511,21170.252,1.66,43454.0,30735.0
2780,2020-09-01,1.193901538848877,259.511,21170.252,1.68,54858.0,22917.0
2781,2020-09-02,1.1923214197158813,259.511,21170.252,1.67,58515.0,28057.0
2782,2020-09-03,1.184735894203186,259.511,21170.252,1.62,54974.0,30270.0
2783,2020-09-04,1.1839784383773804,259.511,21170.252,1.64,60015.0,32196.0
2784,2020-09-07,1.183445930480957,259.511,21170.252,1.67,44301.0,36913.0
2785,2020-09-08,1.1821727752685547,259.511,21170.252,1.7,50169.0,27052.0
2786,2020-09-09,1.177024483680725,259.511,21170.252,1.72,55331.0,26211.0
2787,2020-09-10,1.1806375980377197,259.511,21170.252,1.73,56758.0,39843.0
2788,2020-09-11,1.1824384927749634,259.511,21170.252,1.77,58221.0,35272.0
2789,2020-09-14,1.1842728853225708,259.511,21170.252,1.8,44549.0,43032.0
2790,2020-09-15,1.187000036239624,260.149,21170.252,1.76,52605.0,29786.0
2791,2020-09-16,1.1844412088394165,260.149,21170.252,1.73,50867.0,35668.0
2792,2020-09-17,1.1803449392318726,260.149,21170.252,1.65,55610.0,36956.0
2793,2020-09-18,1.1848200559616089,260.149,21170.252,1.7,60756.0,41511.0
2794,2020-09-21,1.1845533847808838,260.149,21170.252,1.7,31057.0,50999.0
2795,2020-09-22,1.176800012588501,260.149,21170.252,1.68,38303.0,37236.0
2796,2020-09-23,1.1708368062973022,260.149,21170.252,1.71,43571.0,41150.0
2797,2020-09-24,1.1658544540405273,260.149,21170.252,1.69,45981.0,45726.0
2798,2020-09-25,1.1673243045806885,260.149,21170.252,1.65,58406.0,49067.0
2799,2020-09-28,1.1635348796844482,260.149,21170.252,1.65,43639.0,55849.0
2800,2020-09-29,1.167883276939392,260.149,21170.252,1.67,48246.0,43770.0
2801,2020-09-30,1.1742050647735596,260.149,21170.252,1.68,48869.0,50943.0
2802,2020-10-01,1.1726078987121582,260.149,21170.252,1.66,53747.0,55124.0
2803,2020-10-02,1.1744946241378784,260.149,21170.252,1.67,59994.0,60955.0
2804,2020-10-05,1.1720443964004517,260.149,21170.252,1.62,61016.0,65880.0
2805,2020-10-06,1.1792453527450562,260.149,21170.252,1.62,49667.0,53719.0
2806,2020-10-07,1.1737639904022217,260.149,21170.252,1.6,49417.0,61057.0
2807,2020-10-08,1.176747441291809,260.149,21170.252,1.58,57846.0,65364.0
2808,2020-10-09,1.1767003536224365,260.149,21170.252,1.58,60069.0,70009.0
2809,2020-10-12,1.181683897972107,260.149,21170.252,1.61,42740.0,68658.0
2810,2020-10-13,1.1816140413284302,260.149,21170.252,1.64,53346.0,48426.0
2811,2020-10-14,1.1742188930511475,260.149,21170.252,1.63,51015.0,79394.0
2812,2020-10-15,1.1743981838226318,260.462,21494.731,1.63,56583.0,70380.0
2813,2020-10-16,1.1707134246826172,260.462,21494.731,1.64,65996.0,76597.0
2814,2020-10-19,1.1715501546859741,260.462,21494.731,1.68,74593.0,84008.0
2815,2020-10-20,1.176885962486267,260.462,21494.731,1.66,56356.0,84522.0
2816,2020-10-21,1.1829839944839478,260.462,21494.731,1.71,61750.0,98691.0
2817,2020-10-22,1.1853959560394287,260.462,21494.731,1.72,70852.0,111313.0
2818,2020-10-23,1.1815024614334106,260.462,21494.731,1.73,69095.0,117936.0
2819,2020-10-26,1.1848480701446533,260.462,21494.731,1.73,49916.0,114751.0
2820,2020-10-27,1.1809443235397339,260.462,21494.731,1.7,63698.0,112474.0
2821,2020-10-28,1.1784114837646484,260.462,21494.731,1.69,71229.0,142979.0
2822,2020-10-29,1.1748672723770142,260.462,21494.731,1.69,77255.0,156681.0
2823,2020-10-30,1.1678695678710938,260.462,21494.731,1.71,82479.0,157579.0
2824,2020-11-02,1.1642121076583862,260.462,21494.731,1.71,78610.0,165195.0
2825,2020-11-03,1.1642799377441406,260.462,21494.731,1.72,73748.0,160854.0
2826,2020-11-04,1.176221489906311,260.462,21494.731,1.74,77054.0,200851.0
2827,2020-11-05,1.17326819896698,260.462,21494.731,1.76,89694.0,215582.0
2828,2020-11-06,1.1817537546157837,260.462,21494.731,1.75,94535.0,235023.0
2829,2020-11-09,1.1893010139465332,260.462,21494.731,1.72,79053.0,284162.0
2830,2020-11-10,1.182732105255127,260.462,21494.731,1.71,89096.0,230574.0
2831,2020-11-11,1.1818794012069702,260.462,21494.731,1.7,92029.0,257346.0
2832,2020-11-12,1.1780297756195068,260.462,21494.731,1.71,104021.0,284779.0
2833,2020-11-13,1.1803393363952637,260.462,21494.731,1.7,113208.0,300422.0
2834,2020-11-16,1.1845253705978394,260.927,21494.731,1.71,95347.0,346447.0
2835,2020-11-17,1.1859441995620728,260.927,21494.731,1.72,140141.0,277004.0
2836,2020-11-18,1.186366319656372,260.927,21494.731,1.64,116220.0,228055.0
2837,2020-11-19,1.1847639083862305,260.927,21494.731,1.66,141370.0,316195.0
2838,2020-11-20,1.1866477727890015,260.927,21494.731,1.65,143290.0,321684.0
2839,2020-11-23,1.1866477727890015,260.927,21494.731,1.73,133836.0,244016.0
2840,2020-11-24,1.1842728853225708,260.927,21494.731,1.76,154754.0,250057.0
2841,2020-11-25,1.1900511980056763,260.927,21494.731,1.76,162225.0,297048.0
2842,2020-11-26,1.1920002698898315,260.927,21494.731,1.71,179891.0,294647.0
2843,2020-11-27,1.191599726676941,260.927,21494.731,1.72,195662.0,286273.0
2844,2020-11-30,1.1971460580825806,260.927,21494.731,1.72,175374.0,235329.0
2845,2020-12-01,1.193816065788269,260.927,21494.731,1.7,174059.0,274154.0
2846,2020-12-02,1.2074378728866577,260.927,21494.731,1.7,185613.0,263038.0
2847,2020-12-03,1.2114603519439697,260.927,21494.731,1.7,205394.0,269793.0
2848,2020-12-04,1.2145650386810303,260.927,21494.731,1.69,213801.0,267486.0
2849,2020-12-07,1.212135910987854,260.927,21494.731,1.71,194134.0,192805.0
2850,2020-12-08,1.2113136053085327,260.927,21494.731,1.74,195185.0,225676.0
2851,2020-12-09,1.2110936641693115,260.927,21494.731,1.75,203786.0,237824.0
2852,2020-12-10,1.207875370979309,260.927,21494.731,1.75,132342.0,237801.0
2853,2020-12-11,1.2144293785095215,260.927,21494.731,1.75,231183.0,233413.0
2854,2020-12-14,1.213340401649475,260.927,21494.731,1.77,179973.0,164564.0
2855,2020-12-15,1.214889645576477,261.56,21494.731,1.81,206028.0,200694.0
2856,2020-12-16,1.2154301404953003,261.56,21494.731,1.85,226282.0,210696.0
2857,2020-12-17,1.2199585437774658,261.56,21494.731,1.86,247704.0,224458.0
2858,2020-12-18,1.226271629333496,261.56,21494.731,1.89,256866.0,214924.0
2859,2020-12-21,1.221612811088562,261.56,21494.731,1.88,214651.0,151955.0
2860,2020-12-22,1.2236906290054321,261.56,21494.731,1.89,247105.0,198981.0
2861,2020-12-23,1.2186651229858398,261.56,21494.731,1.91,247205.0,212636.0
2862,2020-12-24,1.2191405296325684,261.56,21494.731,1.88,257009.0,238058.0
2863,2020-12-25,1.2184720039367676,261.56,21494.731,1.87,265017.0,231133.0
2864,2020-12-28,1.2205095291137695,261.56,21494.731,1.88,214389.0,158835.0
2865,2020-12-29,1.2223445177078247,261.56,21494.731,1.91,232025.0,213495.0
2866,2020-12-30,1.225295066833496,261.56,21494.731,1.92,270226.0,241622.0
2867,2020-12-31,1.2299896478652954,261.56,21494.731,1.94,265050.0,254399.0
2868,2021-01-01,1.218026876449585,261.56,21494.731,1.95,277539.0,244541.0
2869,2021-01-04,1.2250697612762451,261.56,21494.731,1.95,217926.0,187077.0
2870,2021-01-05,1.2251598834991455,261.56,21494.731,1.94,223613.0,236518.0
2871,2021-01-06,1.230027437210083,261.56,21494.731,1.97,254784.0,248010.0
2872,2021-01-07,1.2341108322143555,261.56,21494.731,1.97,220429.0,249867.0
2873,2021-01-08,1.227144479751587,261.56,21494.731,1.97,114802.0,180519.0
2874,2021-01-11,1.2186205387115479,261.56,21494.731,1.97,194295.0,172625.0
2875,2021-01-12,1.2160701751708984,261.56,21494.731,1.96,229681.0,244659.0
2876,2021-01-13,1.2208894491195679,261.56,21494.731,1.96,263050.0,296006.0
2877,2021-01-14,1.2162491083145142,261.56,21494.731,1.99,263796.0,269948.0
2878,2021-01-15,1.2151259183883667,262.231,22048.894,1.99,172063.0,209555.0
2879,2021-01-18,1.2068113088607788,262.231,22048.894,2.01,209584.0,203764.0
2880,2021-01-19,1.207729458808899,262.231,22048.894,2.03,260733.0,275691.0
2881,2021-01-20,1.2138868570327759,262.231,22048.894,2.06,286723.0,269592.0
2882,2021-01-21,1.2115631103515625,262.231,22048.894,2.09,308689.0,320755.0
2883,2021-01-22,1.2166293859481812,262.231,22048.894,2.06,327335.0,274846.0
2884,2021-01-25,1.216944694519043,262.231,22048.894,2.06,238432.0,212771.0
2885,2021-01-26,1.214624047279358,262.231,22048.894,2.08,257751.0,237197.0
2886,2021-01-27,1.216299295425415,262.231,22048.894,2.06,262761.0,262816.0
2887,2021-01-28,1.2105072736740112,262.231,22048.894,2.09,267675.0,257236.0
2888,2021-01-29,1.2120037078857422,262.231,22048.894,2.1,278127.0,245856.0
2889,2021-02-01,1.2123857736587524,262.231,22048.894,2.1,164829.0,209320.0
2890,2021-02-02,1.2068694829940796,262.231,22048.894,2.1,208665.0,202598.0
2891,2021-02-03,1.203905463218689,262.231,22048.894,2.12,216936.0,248228.0
2892,2021-02-04,1.2042388916015625,262.231,22048.894,2.1,229757.0,225089.0
2893,2021-02-05,1.1966731548309326,262.231,22048.894,2.09,224636.0,230014.0
2894,2021-02-08,1.2048773765563965,262.231,22048.894,2.08,172079.0,194468.0
2895,2021-02-09,1.2053595781326294,262.231,22048.894,2.08,175580.0,179078.0
2896,2021-02-10,1.2119992971420288,262.231,22048.894,2.08,183222.0,216411.0
2897,2021-02-11,1.2121212482452393,262.231,22048.894,2.13,198553.0,210481.0
2898,2021-02-12,1.2131506204605103,262.231,22048.894,2.13,194873.0,203998.0
2899,2021-02-15,1.2122093439102173,263.161,22048.894,2.11,149852.0,170705.0
2900,2021-02-16,1.2132196426391602,263.161,22048.894,2.15,128713.0,159485.0
2901,2021-02-17,1.2092483043670654,263.161,22048.894,2.19,144299.0,186316.0
2902,2021-02-18,1.2048004865646362,263.161,22048.894,2.17,134423.0,159317.0
2903,2021-02-19,1.209189772605896,263.161,22048.894,2.21,171193.0,196844.0
2904,2021-02-22,1.2126356363296509,263.161,22048.894,2.22,102955.0,125972.0
2905,2021-02-23,1.2166796922683716,263.161,22048.894,2.22,113759.0,129190.0
2906,2021-02-24,1.215214490890503,263.161,22048.894,2.21,114998.0,156265.0
2907,2021-02-25,1.2171372175216675,263.161,22048.894,2.2,125565.0,154852.0
2908,2021-02-26,1.2160420417785645,263.161,22048.894,2.21,118031.0,148303.0
2909,2021-03-01,1.208956003189087,263.161,22048.894,2.21,63569.0,102066.0
2910,2021-03-02,1.2051095962524414,263.161,22048.894,2.24,80493.0,123071.0
2911,2021-03-03,1.208546757698059,263.161,22048.894,2.21,86390.0,148007.0
2912,2021-03-04,1.2050660848617554,263.161,22048.894,2.16,87694.0,154514.0
2913,2021-03-05,1.1967735290527344,263.161,22048.894,2.14,95171.0,155066.0
2914,2021-03-08,1.1925631761550903,263.161,22048.894,2.16,66175.0,103446.0
2915,2021-03-09,1.185171127319336,263.161,22048.894,2.16,88487.0,134703.0
2916,2021-03-10,1.1897906064987183,263.161,22048.894,2.17,91130.0,171962.0
2917,2021-03-11,1.1926058530807495,263.161,22048.894,2.14,93272.0,170099.0
2918,2021-03-12,1.1986095905303955,263.161,22048.894,2.15,92299.0,165531.0
2919,2021-03-15,1.1950000524520874,264.793,22048.894,2.16,68191.0,101692.0
2920,2021-03-16,1.1925773620605469,264.793,22048.894,2.2,72300.0,68329.0
2921,2021-03-17,1.190164566040039,264.793,22048.894,2.21,82119.0,175427.0
2922,2021-03-18,1.1982792615890503,264.793,22048.894,2.2,82613.0,175445.0
2923,2021-03-19,1.1918240785598755,264.793,22048.894,2.22,79886.0,175256.0
2924,2021-03-22,1.1883116960525513,264.793,22048.894,2.21,54287.0,101514.0
2925,2021-03-23,1.193303108215332,264.793,22048.894,2.21,72927.0,151742.0
2926,2021-03-24,1.1840205192565918,264.793,22048.894,2.26,72156.0,194070.0
2927,2021-03-25,1.1813069581985474,264.793,22048.894,2.28,76685.0,185777.0
2928,2021-03-26,1.1776621341705322,264.793,22048.894,2.26,77162.0,191773.0
2929,2021-03-29,1.1788004636764526,264.793,22048.894,2.27,65049.0,122172.0
2930,2021-03-30,1.177100658416748,264.793,22048.894,2.3,63633.0,186319.0
2931,2021-03-31,1.1723604202270508,264.793,22048.894,2.3,73501.0,207595.0
2932,2021-04-01,1.1728830337524414,264.793,22048.894,2.27,74969.0,231578.0
2933,2021-04-02,1.177994966506958,264.793,22048.894,2.31,77308.0,215710.0
2934,2021-04-05,1.176816701889038,264.793,22048.894,2.33,61074.0,152047.0
2935,2021-04-06,1.1818934679031372,264.793,22048.894,2.29,68506.0,179728.0
2936,2021-04-07,1.1874228715896606,264.793,22048.894,2.31,100760.0,256192.0
2937,2021-04-08,1.1873664855957031,264.793,22048.894,2.32,82391.0,252982.0
2938,2021-04-09,1.1915684938430786,264.793,22048.894,2.34,93350.0,239119.0
2939,2021-04-12,1.1900511980056763,264.793,22048.894,2.36,79343.0,139257.0
2940,2021-04-13,1.1914690732955933,264.793,22048.894,2.35,74918.0,204845.0
2941,2021-04-14,1.1954143047332764,264.793,22048.894,2.37,84748.0,255985.0
2942,2021-04-15,1.1986095905303955,266.832,22048.894,2.35,94289.0,251149.0
2943,2021-04-16,1.1971746683120728,266.832,22048.894,2.36,79557.0,216832.0
2944,2021-04-19,1.1969454288482666,266.832,22048.894,2.35,89885.0,107614.0
2945,2021-04-20,1.204529047012329,266.832,22048.894,2.32,83885.0,131033.0
2946,2021-04-21,1.2032392024993896,266.832,22048.894,2.34,91564.0,162184.0
2947,2021-04-22,1.2037750482559204,266.832,22048.894,2.33,98353.0,282881.0
2948,2021-04-23,1.2014753818511963,266.832,22048.894,2.31,103924.0,175476.0
2949,2021-04-26,1.2089852094650269,266.832,22048.894,2.33,84934.0,127172.0
2950,2021-04-27,1.2081671953201294,266.832,22048.894,2.33,97918.0,193193.0
2951,2021-04-28,1.2090305089950562,266.832,22048.894,2.33,94929.0,212385.0
2952,2021-04-29,1.213592290878296,266.832,22048.894,2.33,94745.0,201003.0
2953,2021-04-30,1.2127091884613037,266.832,22048.894,2.36,100101.0,194718.0
2954,2021-05-03,1.2027760744094849,266.832,22048.894,2.34,84914.0,110364.0
2955,2021-05-04,1.2061271667480469,266.832,22048.894,2.32,78712.0,177235.0
2956,2021-05-05,1.2015043497085571,266.832,22048.894,2.33,81271.0,186878.0
2957,2021-05-06,1.2007973194122314,266.832,22048.894,2.33,88624.0,189894.0
2958,2021-05-07,1.2068549394607544,266.832,22048.894,2.34,81637.0,171796.0
2959,2021-05-10,1.2171076536178589,266.832,22048.894,2.36,62550.0,90912.0
2960,2021-05-11,1.2140932083129883,266.832,22048.894,2.39,67049.0,149875.0
2961,2021-05-12,1.2144500017166138,266.832,22048.894,2.41,74410.0,161802.0
2962,2021-05-13,1.2078505754470825,266.832,22048.894,2.42,81146.0,155986.0
2963,2021-05-14,1.207729458808899,266.832,22048.894,2.41,77742.0,131930.0
2964,2021-05-17,1.2150373458862305,266.832,22048.894,2.42,71990.0,74865.0
2965,2021-05-18,1.2156872749328613,266.832,22048.894,2.42,56481.0,121559.0
2966,2021-05-19,1.2223997116088867,266.832,22048.894,2.47,63131.0,125074.0
2967,2021-05-20,1.217285394668579,266.832,22048.894,2.45,65359.0,126528.0
2968,2021-05-21,1.222538709640503,266.832,22048.894,2.49,65436.0,118314.0
2969,2021-05-24,1.2183235883712769,266.832,22048.894,2.54,55867.0,69099.0
2970,2021-05-25,1.2214635610580444,266.832,22048.894,2.53,48803.0,108217.0
2971,2021-05-26,1.2249093055725098,266.832,22048.894,2.54,54844.0,98176.0
2972,2021-05-27,1.21925950050354,266.832,22048.894,2.51,54772.0,93044.0
2973,2021-05-28,1.2193188667297363,266.832,22048.894,2.51,60795.0,89157.0
2974,2021-05-31,1.2190067768096924,266.832,22048.894,2.54,45487.0,53323.0
2975,2021-06-01,1.223286509513855,266.832,22048.894,2.52,42170.0,76497.0
2976,2021-06-02,1.2217769622802734,266.832,22048.894,2.48,44661.0,89586.0
2977,2021-06-03,1.220986247062683,266.832,22048.894,2.41,46958.0,67466.0
